specimen_id,species_id,scientific_name,scenario,subset,gbif_occurrence_key,gbif_url,license,above_local_path,above_media_url,above_rights_holder,above_creator,above_image_size,below_local_path,below_media_url,below_rights_holder,below_creator,below_image_size,identified_by,event_date,country,locality,scenario_tags,notes
AG.AU_001,AG.AU,Agaricus augustus,ood,id,5898623767,https://www.gbif.org/occurrence/5898623767,http://creativecommons.org/licenses/by-nc/4.0/legalcode,data/raw/Benchmark/AG.AU/AG.AU_001_above.jpg,https://svampe.databasen.org/uploads/2025-10527888_H1tY6_2tee.JPG,Susanne Strøm,Susanne Strøm,3296x3023,data/raw/Benchmark/AG.AU/AG.AU_001_below.jpg,https://svampe.databasen.org/uploads/2025-10527888_H1xZkK2Yxe.JPG,Susanne Strøm,Susanne Strøm,3024x4032,Susanne Strøm,2025-08-27,Denmark,Bøghoved,ood;cap;gills;stem,paired above_idx=2 below_idx=3; ood;cap;gills;stem; source=Svampeatlas/GBIF; occurrence=5898623767; above=cap/top/whole view; below=underside/gills/pores/folds/stem/base view
AG.AU_002,AG.AU,Agaricus augustus,ood,id,5898627776,https://www.gbif.org/occurrence/5898627776,http://creativecommons.org/licenses/by-nc/4.0/legalcode,data/raw/Benchmark/AG.AU/AG.AU_002_above.jpg,https://svampe.databasen.org/uploads/2025-10522043_ByqO9PRDxl.JPG,Dan Schou,Dan Schou,1344x1200,data/raw/Benchmark/AG.AU/AG.AU_002_below.jpg,https://svampe.databasen.org/uploads/2025-10522043_Sk-cO5wAPgl.JPG,Dan Schou,Dan Schou,1366x1200,Dan Schou,2025-08-04,Denmark,"Horseskov, Tåsinge",ood;cap;gills;stem,paired above_idx=1 below_idx=3; ood;cap;gills;stem; source=Svampeatlas/GBIF; occurrence=5898627776; above=cap/top/whole view; below=underside/gills/pores/folds/stem/base view
AG.AU_003,AG.AU,Agaricus augustus,ood,id,5898668492,https://www.gbif.org/occurrence/5898668492,http://creativecommons.org/licenses/by-nc/4.0/legalcode,data/raw/Benchmark/AG.AU/AG.AU_003_above.jpg,https://svampe.databasen.org/uploads/2025-10524997_SJTEm_qdeg.JPG,Søren Rytter Boeriis,Søren Rytter Boeriis,4096x3072,data/raw/Benchmark/AG.AU/AG.AU_003_below.jpg,https://svampe.databasen.org/uploads/2025-10524997_ryCVXucdxx.JPG,Søren Rytter Boeriis,Søren Rytter Boeriis,4096x3072,Søren Rytter Boeriis,2025-08-13,Denmark,Store Arden Skov,ood;cap;gills;stem,paired above_idx=1 below_idx=2; ood;cap;gills;stem; source=Svampeatlas/GBIF; occurrence=5898668492; above=cap/top/whole view; below=underside/gills/pores/folds/stem/base view
AM.MU_004,AM.MU,Amanita muscaria,confusing,id,5898624502,https://www.gbif.org/occurrence/5898624502,http://creativecommons.org/licenses/by-nc/4.0/legalcode,data/raw/Benchmark/AM.MU/AM.MU_004_above.jpg,https://svampe.databasen.org/uploads/2025-10537143_r1fU_haogx.JPG,Jørgen Christiansen,Jørgen Christiansen,1799x1200,data/raw/Benchmark/AM.MU/AM.MU_004_below.jpg,https://svampe.databasen.org/uploads/2025-10537143_rylML_n6oee.JPG,Jørgen Christiansen,Jørgen Christiansen,1799x1200,Jørgen Christiansen,2025-09-21,Denmark,Ahl Hage,toxic;cap;spots;stem,paired above_idx=1 below_idx=2; toxic;cap;spots;stem; source=Svampeatlas/GBIF; occurrence=5898624502; above=cap/top/whole view; below=underside/gills/pores/folds/stem/base view
AM.MU_005,AM.MU,Amanita muscaria,confusing,id,5898635675,https://www.gbif.org/occurrence/5898635675,http://creativecommons.org/licenses/by-nc/4.0/legalcode,data/raw/Benchmark/AM.MU/AM.MU_005_above.jpg,https://svampe.databasen.org/uploads/2025-10523134_Sky-shQdgl.JPG,Søren Rytter Boeriis,Søren Rytter Boeriis,3072x4096,data/raw/Benchmark/AM.MU/AM.MU_005_below.jpg,https://svampe.databasen.org/uploads/2025-10523134_BkWZshmuel.JPG,Søren Rytter Boeriis,Søren Rytter Boeriis,3072x4096,Søren Rytter Boeriis,2025-08-08,Denmark,Store Arden Skov,toxic;cap;spots;stem,paired above_idx=2 below_idx=1; toxic;cap;spots;stem; source=Svampeatlas/GBIF; occurrence=5898635675; above=cap/top/whole view; below=underside/gills/pores/folds/stem/base view
AM.MU_006,AM.MU,Amanita muscaria,confusing,id,5898646473,https://www.gbif.org/occurrence/5898646473,http://creativecommons.org/licenses/by-nc/4.0/legalcode,data/raw/Benchmark/AM.MU/AM.MU_006_above.jpg,https://svampe.databasen.org/uploads/2025-10541750_r1bq79Kngx.JPG,Jan Færk,Jan Færk,1253x1200,data/raw/Benchmark/AM.MU/AM.MU_006_below.jpg,https://svampe.databasen.org/uploads/2025-10541750_Bkx-5Q9K2ll.JPG,Jan Færk,Jan Færk,1048x1200,Jan Færk,2025-09-30,Denmark,Teglstrup Hegn,toxic;cap;spots;stem,paired above_idx=3 below_idx=1; toxic;cap;spots;stem; source=Svampeatlas/GBIF; occurrence=5898646473; above=cap/top/whole view; below=underside/gills/pores/folds/stem/base view
AM.VI_007,AM.VI,Amanita virosa,confusing,id,5898622730,https://www.gbif.org/occurrence/5898622730,http://creativecommons.org/licenses/by-nc/4.0/legalcode,data/raw/Benchmark/AM.VI/AM.VI_007_above.jpg,https://svampe.databasen.org/uploads/2025-10534120_rJ3OhA8igg.JPG,Vibe Søndergaard,Vibe Søndergaard,3024x4032,data/raw/Benchmark/AM.VI/AM.VI_007_below.jpg,https://svampe.databasen.org/uploads/2025-10534120_rkou3RUoex.JPG,Vibe Søndergaard,Vibe Søndergaard,3024x4032,Thomas Læssøe,2025-09-16,Denmark,Klapskov,extremely_toxic;white;gills;stem,paired above_idx=1 below_idx=2; extremely_toxic;white;gills;stem; source=Svampeatlas/GBIF; occurrence=5898622730; above=cap/top/whole view; below=underside/gills/pores/folds/stem/base view
AM.VI_008,AM.VI,Amanita virosa,confusing,id,5898634933,https://www.gbif.org/occurrence/5898634933,http://creativecommons.org/licenses/by-nc/4.0/legalcode,data/raw/Benchmark/AM.VI/AM.VI_008_above.jpg,https://svampe.databasen.org/uploads/2025-10521668_rJhgSlavee.JPG,Arne Pedersen,Arne Pedersen,3024x4032,data/raw/Benchmark/AM.VI/AM.VI_008_below.jpg,https://svampe.databasen.org/uploads/2025-10521668_rk3gSeTwge.JPG,Arne Pedersen,Arne Pedersen,4032x3024,Arne Pedersen,2025-08-03,Denmark,Madum Sø,extremely_toxic;white;gills;stem,paired above_idx=1 below_idx=2; extremely_toxic;white;gills;stem; source=Svampeatlas/GBIF; occurrence=5898634933; above=cap/top/whole view; below=underside/gills/pores/folds/stem/base view
AM.VI_009,AM.VI,Amanita virosa,confusing,id,5898657186,https://www.gbif.org/occurrence/5898657186,http://creativecommons.org/licenses/by-nc/4.0/legalcode,data/raw/Benchmark/AM.VI/AM.VI_009_above.jpg,https://svampe.databasen.org/uploads/2025-10522022_HJU0WDRDxe.JPG,Søren Rytter Boeriis,Søren Rytter Boeriis,3072x4096,data/raw/Benchmark/AM.VI/AM.VI_009_below.jpg,https://svampe.databasen.org/uploads/2025-10522022_SkFkfwAwlx.JPG,Søren Rytter Boeriis,Søren Rytter Boeriis,3072x4096,Søren Rytter Boeriis,2025-08-04,Denmark,Jægersborg Skov,extremely_toxic;white;gills;stem,paired above_idx=1 below_idx=3; extremely_toxic;white;gills;stem; source=Svampeatlas/GBIF; occurrence=5898657186; above=cap/top/whole view; below=underside/gills/pores/folds/stem/base view
BO.BA_010,BO.BA,Imleria badia,confusing,id,5898619230,https://www.gbif.org/occurrence/5898619230,http://creativecommons.org/licenses/by-nc/4.0/legalcode,data/raw/Benchmark/BO.BA/BO.BA_010_above.jpg,https://svampe.databasen.org/uploads/2025-10529812_SkMac8_9ex.JPG,Péter Berke,Péter Berke,3024x4032,data/raw/Benchmark/BO.BA/BO.BA_010_below.jpg,https://svampe.databasen.org/uploads/2025-10529812_BJXTcLO9lg.JPG,Péter Berke,Péter Berke,3024x4032,Péter Berke,2025-09-05,Denmark,Grønholt Hegn,bolete;pores;brown_cap,paired above_idx=2 below_idx=1; bolete;pores;brown_cap; source=Svampeatlas/GBIF; occurrence=5898619230; above=cap/top/whole view; below=underside/gills/pores/folds/stem/base view
BO.BA_011,BO.BA,Imleria badia,confusing,id,5898629025,https://www.gbif.org/occurrence/5898629025,http://creativecommons.org/licenses/by-nc/4.0/legalcode,data/raw/Benchmark/BO.BA/BO.BA_011_above.jpg,https://svampe.databasen.org/uploads/2025-10526333_Hy4DGLfYxg.JPG,Ulla M Konnerup,Ulla M Konnerup,3000x4000,data/raw/Benchmark/BO.BA/BO.BA_011_below.jpg,https://svampe.databasen.org/uploads/2025-10526333_BkXwMUzKxe.JPG,Ulla M Konnerup,Ulla M Konnerup,3000x4000,Ulla M Konnerup,2025-08-17,Denmark,Ravnsø vestdel,bolete;pores;brown_cap,paired above_idx=2 below_idx=1; bolete;pores;brown_cap; source=Svampeatlas/GBIF; occurrence=5898629025; above=cap/top/whole view; below=underside/gills/pores/folds/stem/base view
BO.BA_012,BO.BA,Imleria badia,confusing,id,5898633268,https://www.gbif.org/occurrence/5898633268,http://creativecommons.org/licenses/by-nc/4.0/legalcode,data/raw/Benchmark/BO.BA/BO.BA_012_above.jpg,https://svampe.databasen.org/uploads/2025-10541300_S1cbYGthxe.JPG,Bente Neerbek,Bente Neerbek,3024x4032,data/raw/Benchmark/BO.BA/BO.BA_012_below.jpg,https://svampe.databasen.org/uploads/2025-10541300_S1ec-tzF2le.JPG,Bente Neerbek,Bente Neerbek,4032x3024,Bente Neerbek,2025-09-30,Denmark,Sortemose,bolete;pores;brown_cap,paired above_idx=1 below_idx=2; bolete;pores;brown_cap; source=Svampeatlas/GBIF; occurrence=5898633268; above=cap/top/whole view; below=underside/gills/pores/folds/stem/base view
BO.ED_013,BO.ED,Boletus edulis,confusing,id,5898618342,https://www.gbif.org/occurrence/5898618342,http://creativecommons.org/licenses/by-nc/4.0/legalcode,data/raw/Benchmark/BO.ED/BO.ED_013_above.jpg,https://svampe.databasen.org/uploads/2025-10515900_rkqHIocEee.JPG,Jane Nielsen,Jane Nielsen,4032x3024,data/raw/Benchmark/BO.ED/BO.ED_013_below.jpg,https://svampe.databasen.org/uploads/2025-10515900_S1aH8i5Nel.JPG,Jane Nielsen,Jane Nielsen,3024x4032,Jane Nielsen,2025-06-26,Denmark,Kirkesande,bolete;pores;edible,paired above_idx=2 below_idx=1; bolete;pores;edible; source=Svampeatlas/GBIF; occurrence=5898618342; above=cap/top/whole view; below=underside/gills/pores/folds/stem/base view
BO.ED_014,BO.ED,Boletus edulis,confusing,id,5898625002,https://www.gbif.org/occurrence/5898625002,http://creativecommons.org/licenses/by-nc/4.0/legalcode,data/raw/Benchmark/BO.ED/BO.ED_014_above.jpg,https://svampe.databasen.org/uploads/2025-10521667_rksE4g6Dex.JPG,Arne Pedersen,Arne Pedersen,3024x4032,data/raw/Benchmark/BO.ED/BO.ED_014_below.jpg,https://svampe.databasen.org/uploads/2025-10521667_Sy4qNl6wll.JPG,Arne Pedersen,Arne Pedersen,3024x4032,Arne Pedersen,2025-08-03,Denmark,Mossø,bolete;pores;edible,paired above_idx=2 below_idx=1; bolete;pores;edible; source=Svampeatlas/GBIF; occurrence=5898625002; above=cap/top/whole view; below=underside/gills/pores/folds/stem/base view
BO.ED_015,BO.ED,Boletus edulis,confusing,id,5898640047,https://www.gbif.org/occurrence/5898640047,http://creativecommons.org/licenses/by-nc/4.0/legalcode,data/raw/Benchmark/BO.ED/BO.ED_015_above.jpg,https://svampe.databasen.org/uploads/2025-10520600_HyysprBDee.JPG,Mikkel Teglgaard Møller,Mikkel Teglgaard Møller,3072x4080,data/raw/Benchmark/BO.ED/BO.ED_015_below.jpg,https://svampe.databasen.org/uploads/2025-10520600_rylo6rBwxe.JPG,Mikkel Teglgaard Møller,Mikkel Teglgaard Møller,3072x4080,Mikkel Teglgaard Møller,2025-07-28,Denmark,Velling Igelsø,bolete;pores;edible,paired above_idx=1 below_idx=2; bolete;pores;edible; source=Svampeatlas/GBIF; occurrence=5898640047; above=cap/top/whole view; below=underside/gills/pores/folds/stem/base view
CA.CI_016,CA.CI,Cantharellus cibarius,confusing,id,5898634658,https://www.gbif.org/occurrence/5898634658,http://creativecommons.org/licenses/by-nc/4.0/legalcode,data/raw/Benchmark/CA.CI/CA.CI_016_above.jpg,https://svampe.databasen.org/uploads/2025-10520324_SyZVujmPel.JPG,Peter Stidsen,Peter Stidsen,2992x2992,data/raw/Benchmark/CA.CI/CA.CI_016_below.jpg,https://svampe.databasen.org/uploads/2025-10520324_HJcQ_o7Pll.JPG,Peter Stidsen,Peter Stidsen,2992x2992,Peter Stidsen,2025-07-27,Denmark,"Indskovene, Fussingø Skov",chanterelle;folds;yellow,paired above_idx=2 below_idx=1; chanterelle;folds;yellow; source=Svampeatlas/GBIF; occurrence=5898634658; above=cap/top/whole view; below=underside/gills/pores/folds/stem/base view
CA.CI_017,CA.CI,Cantharellus cibarius,confusing,id,5898649134,https://www.gbif.org/occurrence/5898649134,http://creativecommons.org/licenses/by-nc/4.0/legalcode,data/raw/Benchmark/CA.CI/CA.CI_017_above.jpg,https://svampe.databasen.org/uploads/2025-10521365_By-mt8iwlx.JPG,Jacob Andersen,Jacob Andersen,3060x4080,data/raw/Benchmark/CA.CI/CA.CI_017_below.jpg,https://svampe.databasen.org/uploads/2025-10521365_rJQQYLovlg.JPG,Jacob Andersen,Jacob Andersen,3060x4080,Jacob Andersen,2025-08-02,Denmark,Munkebjerg Skovene,chanterelle;folds;yellow,paired above_idx=1 below_idx=2; chanterelle;folds;yellow; source=Svampeatlas/GBIF; occurrence=5898649134; above=cap/top/whole view; below=underside/gills/pores/folds/stem/base view
CA.CI_018,CA.CI,Cantharellus cibarius,confusing,id,5898662277,https://www.gbif.org/occurrence/5898662277,http://creativecommons.org/licenses/by-nc/4.0/legalcode,data/raw/Benchmark/CA.CI/CA.CI_018_above.jpg,https://svampe.databasen.org/uploads/2025-10516661_ByeEM3crrlx.JPG,Dan Schou,Dan Schou,1409x1131,data/raw/Benchmark/CA.CI/CA.CI_018_below.jpg,https://svampe.databasen.org/uploads/2025-10516661_rJVz39BHlg.JPG,Dan Schou,Dan Schou,1345x1200,Dan Schou,2025-07-04,Denmark,Kohave (Valdemarsslot),chanterelle;folds;yellow,paired above_idx=1 below_idx=2; chanterelle;folds;yellow; source=Svampeatlas/GBIF; occurrence=5898662277; above=cap/top/whole view; below=underside/gills/pores/folds/stem/base view
HY.PS_019,HY.PS,Hygrophoropsis aurantiaca,confusing,id,5052245313,https://www.gbif.org/occurrence/5052245313,http://creativecommons.org/licenses/by-nc/4.0/legalcode,data/raw/Benchmark/HY.PS/HY.PS_019_above.jpg,https://svampe.databasen.org/uploads/2025-10494081_B1ZEoBbPke.JPG,Søren Rytter Boeriis,Søren Rytter Boeriis,2304x4096,data/raw/Benchmark/HY.PS/HY.PS_019_below.jpg,https://svampe.databasen.org/uploads/2025-10494081_rJmEsSZwJe.JPG,Søren Rytter Boeriis,Søren Rytter Boeriis,2304x4096,Søren Rytter Boeriis,2025-01-12,Denmark,Helium Skov,confusing_pair;orange;gills,paired above_idx=1 below_idx=2; confusing_pair;orange;gills; source=Svampeatlas/GBIF; occurrence=5052245313; above=cap/top/whole view; below=underside/gills/pores/folds/stem/base view
HY.PS_020,HY.PS,Hygrophoropsis aurantiaca,confusing,id,5898629988,https://www.gbif.org/occurrence/5898629988,http://creativecommons.org/licenses/by-nc/4.0/legalcode,data/raw/Benchmark/HY.PS/HY.PS_020_above.jpg,https://svampe.databasen.org/uploads/2025-10554235_rkYXMxSCxg.JPG,ilkay bora,ilkay bora,3072x4096,data/raw/Benchmark/HY.PS/HY.PS_020_below.jpg,https://svampe.databasen.org/uploads/2025-10554235_HkaQGer0xg.JPG,ilkay bora,ilkay bora,3072x4096,ilkay bora,2025-10-21,Denmark,Biowide 083 Maglemose,confusing_pair;orange;gills,paired above_idx=3 below_idx=1; confusing_pair;orange;gills; source=Svampeatlas/GBIF; occurrence=5898629988; above=cap/top/whole view; below=underside/gills/pores/folds/stem/base view
HY.PS_021,HY.PS,Hygrophoropsis aurantiaca,confusing,id,5898632688,https://www.gbif.org/occurrence/5898632688,http://creativecommons.org/licenses/by-nc/4.0/legalcode,data/raw/Benchmark/HY.PS/HY.PS_021_above.jpg,https://svampe.databasen.org/uploads/2025-10537905_SyAy8x12ex.JPG,Kim Woelders,Kim Woelders,1600x1200,data/raw/Benchmark/HY.PS/HY.PS_021_below.jpg,https://svampe.databasen.org/uploads/2025-10537905_r1lAyUxk3xe.JPG,Kim Woelders,Kim Woelders,1280x960,Kim Woelders,2025-09-22,Denmark,"Tisvilde Hegn, Asserbo slotsruin",confusing_pair;orange;gills,paired above_idx=1 below_idx=2; confusing_pair;orange;gills; source=Svampeatlas/GBIF; occurrence=5898632688; above=cap/top/whole view; below=underside/gills/pores/folds/stem/base view
LA.HE_022,LA.HE,Lactarius helvus,easy,id,4940908615,https://www.gbif.org/occurrence/4940908615,http://creativecommons.org/licenses/by-nc/4.0/legalcode,data/raw/Benchmark/LA.HE/LA.HE_022_above.jpg,https://svampe.databasen.org/uploads/2024-10443040_HyleGNI5R.JPG,Frits Sørensen,Frits Sørensen,1600x1200,data/raw/Benchmark/LA.HE/LA.HE_022_below.jpg,https://svampe.databasen.org/uploads/2024-10443040_BkZexGVI5A.JPG,Frits Sørensen,Frits Sørensen,1600x1200,Frits Sørensen,2024-08-11,Denmark,Gludsted Plantage,milkcap;latex;toxic,paired above_idx=3 below_idx=1; milkcap;latex;toxic; source=Svampeatlas/GBIF; occurrence=4940908615; above=cap/top/whole view; below=underside/gills/pores/folds/stem/base view
LA.HE_023,LA.HE,Lactarius helvus,easy,id,5898651350,https://www.gbif.org/occurrence/5898651350,http://creativecommons.org/licenses/by-nc/4.0/legalcode,data/raw/Benchmark/LA.HE/LA.HE_023_above.jpg,https://svampe.databasen.org/uploads/2025-10548105_BJsT4ltTex.JPG,Dan Schou,Dan Schou,1288x1200,data/raw/Benchmark/LA.HE/LA.HE_023_below.jpg,https://svampe.databasen.org/uploads/2025-10548105_B1li6NlYpxe.JPG,Dan Schou,Dan Schou,1634x1200,Dan Schou,2025-10-12,Denmark,Svendborg,milkcap;latex;toxic,paired above_idx=2 below_idx=1; milkcap;latex;toxic; source=Svampeatlas/GBIF; occurrence=5898651350; above=cap/top/whole view; below=underside/gills/pores/folds/stem/base view
LA.HE_024,LA.HE,Lactarius helvus,easy,id,5898653100,https://www.gbif.org/occurrence/5898653100,http://creativecommons.org/licenses/by-nc/4.0/legalcode,data/raw/Benchmark/LA.HE/LA.HE_024_above.jpg,https://svampe.databasen.org/uploads/2025-10526030_Sks-NYlFxe.JPG,Jane Nielsen,Jane Nielsen,4032x3024,data/raw/Benchmark/LA.HE/LA.HE_024_below.jpg,https://svampe.databasen.org/uploads/2025-10526030_ryqbEKxtgl.JPG,Jane Nielsen,Jane Nielsen,3024x4032,Jane Nielsen,2025-08-18,Denmark,Rold Skov,milkcap;latex;toxic,paired above_idx=1 below_idx=2; milkcap;latex;toxic; source=Svampeatlas/GBIF; occurrence=5898653100; above=cap/top/whole view; below=underside/gills/pores/folds/stem/base view
RA.BO_025,RA.BO,Ramaria botrytis,coral,id,4465862206,https://www.gbif.org/occurrence/4465862206,http://creativecommons.org/licenses/by-nc/4.0/legalcode,data/raw/Benchmark/RA.BO/RA.BO_025_above.jpg,https://svampe.databasen.org/uploads/2023-10373451_rk50PxBah.JPG,Klaus Baltsersen,Klaus Baltsersen,4032x3024,data/raw/Benchmark/RA.BO/RA.BO_025_below.jpg,https://svampe.databasen.org/uploads/2023-10373451_ryqADgrp3.JPG,Klaus Baltsersen,Klaus Baltsersen,4032x3024,Klaus Baltsersen,2023-08-24,Denmark,"Gribskov, Hvidekilde",coral;branched;edible,paired above_idx=1 below_idx=2; coral;branched;edible; source=Svampeatlas/GBIF; occurrence=4465862206; above=cap/top/whole view; below=underside/gills/pores/folds/stem/base view
RA.BO_026,RA.BO,Ramaria botrytis,coral,id,4465865225,https://www.gbif.org/occurrence/4465865225,http://creativecommons.org/licenses/by-nc/4.0/legalcode,data/raw/Benchmark/RA.BO/RA.BO_026_above.jpg,https://svampe.databasen.org/uploads/2023-10373595_SyZ_47Hah.JPG,Rune Juelsborg Karsten,Rune Juelsborg Karsten,2448x3264,data/raw/Benchmark/RA.BO/RA.BO_026_below.jpg,https://svampe.databasen.org/uploads/2023-10373595_HJMu4QSp3.JPG,Rune Juelsborg Karsten,Rune Juelsborg Karsten,2448x3264,Rune Juelsborg Karsten,2023-08-24,Denmark,"Dyrehaven, Gråsten",coral;branched;edible,paired above_idx=2 below_idx=1; coral;branched;edible; source=Svampeatlas/GBIF; occurrence=4465865225; above=cap/top/whole view; below=underside/gills/pores/folds/stem/base view
RA.BO_027,RA.BO,Ramaria botrytis,coral,id,5898655380,https://www.gbif.org/occurrence/5898655380,http://creativecommons.org/licenses/by-nc/4.0/legalcode,data/raw/Benchmark/RA.BO/RA.BO_027_above.jpg,https://svampe.databasen.org/uploads/2025-10534343_B1QID8Dsgx.JPG,Jacob Schmidt,Jacob Schmidt,4032x3024,data/raw/Benchmark/RA.BO/RA.BO_027_below.jpg,https://svampe.databasen.org/uploads/2025-10534343_ByzUD8Dsel.JPG,Jacob Schmidt,Jacob Schmidt,4032x3024,Jacob Schmidt,2025-09-16,Denmark,"Hornbæk Plantage, Nordsjælland",coral;branched;edible,paired above_idx=1 below_idx=2; coral;branched;edible; source=Svampeatlas/GBIF; occurrence=5898655380; above=cap/top/whole view; below=underside/gills/pores/folds/stem/base view
RA.PA_028,RA.PA,Ramaria pallida,coral,id,3343249350,https://www.gbif.org/occurrence/3343249350,http://creativecommons.org/licenses/by-nc/4.0/legalcode,data/raw/Benchmark/RA.PA/RA.PA_028_above.jpg,https://svampe.databasen.org/uploads/2021-10206056_Bk2z0i2ZY.JPG,Ole Martin,Ole Martin,1675x1200,data/raw/Benchmark/RA.PA/RA.PA_028_below.jpg,https://svampe.databasen.org/uploads/2021-10206056_Hyf2fRsnWK.JPG,Ole Martin,Ole Martin,1000x1150,Ole Martin,2021-08-31,Denmark,Tisvilde Hegn,coral;branched;toxic;confusing_pair,paired above_idx=1 below_idx=3; coral;branched;toxic;confusing_pair; source=Svampeatlas/GBIF; occurrence=3343249350; above=cap/top/whole view; below=underside/gills/pores/folds/stem/base view
RA.PA_029,RA.PA,Ramaria pallida,coral,id,4465872624,https://www.gbif.org/occurrence/4465872624,http://creativecommons.org/licenses/by-nc/4.0/legalcode,data/raw/Benchmark/RA.PA/RA.PA_029_above.jpg,https://svampe.databasen.org/uploads/2023-10377671_B1mSpzOm03.JPG,Uffe Nygaard,Uffe Nygaard,1600x1200,data/raw/Benchmark/RA.PA/RA.PA_029_below.jpg,https://svampe.databasen.org/uploads/2023-10377671_BJZS6G_m0h.JPG,Uffe Nygaard,Uffe Nygaard,1600x1200,Uffe Nygaard,2023-09-04,Denmark,Fløjstrup Strand,coral;branched;toxic;confusing_pair,paired above_idx=1 below_idx=2; coral;branched;toxic;confusing_pair; source=Svampeatlas/GBIF; occurrence=4465872624; above=cap/top/whole view; below=underside/gills/pores/folds/stem/base view
RA.PA_030,RA.PA,Ramaria pallida,coral,id,4465870669,https://www.gbif.org/occurrence/4465870669,http://creativecommons.org/licenses/by-nc/4.0/legalcode,data/raw/Benchmark/RA.PA/RA.PA_030_above.jpg,https://svampe.databasen.org/uploads/2023-10378308_SkeOxgbDCn.JPG,Karin Melbye,Karin Melbye,3024x4032,data/raw/Benchmark/RA.PA/RA.PA_030_below.jpg,https://svampe.databasen.org/uploads/2023-10378308_BJOxxZw0h.JPG,Karin Melbye,Karin Melbye,3024x4032,Karin Melbye,2023-09-01,Denmark,Knøsen,coral;branched;toxic;confusing_pair,paired above_idx=3 below_idx=2; coral;branched;toxic;confusing_pair; source=Svampeatlas/GBIF; occurrence=4465870669; above=cap/top/whole view; below=underside/gills/pores/folds/stem/base view
CO.CO_031,CO.CO,Coprinellus comatus,edge_case,id,5898627048,https://www.gbif.org/occurrence/5898627048,http://creativecommons.org/licenses/by-nc/4.0/legalcode,data/raw/Benchmark/CO.CO/CO.CO_031_above.jpg,https://svampe.databasen.org/uploads/2025-10511482_rk_km3nege.JPG,Ella Buck,Ella Buck,1600x1200,data/raw/Benchmark/CO.CO/CO.CO_031_below.jpg,https://svampe.databasen.org/uploads/2025-10511482_HklukX2hglx.JPG,Ella Buck,Ella Buck,1600x1200,Ella Buck,2025-05-10,Denmark,Køge Ås,inkcap;gills;edge_case_age,paired above_idx=2 below_idx=1; inkcap;gills;edge_case_age; source=Svampeatlas/GBIF; occurrence=5898627048; above=cap/top/whole view; below=underside/gills/pores/folds/stem/base view
CO.CO_032,CO.CO,Coprinellus comatus,edge_case,id,5898651767,https://www.gbif.org/occurrence/5898651767,http://creativecommons.org/licenses/by-nc/4.0/legalcode,data/raw/Benchmark/CO.CO/CO.CO_032_below.jpg,https://svampe.databasen.org/uploads/2025-10510409_HyxauwM3yxg.JPG,Linda Kjær-Thomsen,Linda Kjær-Thomsen,1600x1200,data/raw/Benchmark/CO.CO/CO.CO_032_above.jpg,https://svampe.databasen.org/uploads/2025-10510409_BJGaODM2Jgx.JPG,Linda Kjær-Thomsen,Linda Kjær-Thomsen,1600x1200,Linda Kjær-Thomsen,2025-04-26,Denmark,Hellebæk Avlsgård,inkcap;gills;edge_case_age,paired above_idx=1 below_idx=3; inkcap;gills;edge_case_age; source=Svampeatlas/GBIF; occurrence=5898651767; above=cap/top/whole view; below=underside/gills/pores/folds/stem/base view; orientation_corrected: swapped above/below after visual audit
CR.CO_033,CR.CO,Craterellus cornucopioides,confusing,id,5052247678,https://www.gbif.org/occurrence/5052247678,http://creativecommons.org/licenses/by-nc/4.0/legalcode,data/raw/Benchmark/CR.CO/CR.CO_033_above.jpg,https://svampe.databasen.org/uploads/2024-10465410_BJxRdimt1kl.JPG,Jørgen Christiansen,Jørgen Christiansen,1597x1200,data/raw/Benchmark/CR.CO/CR.CO_033_below.jpg,https://svampe.databasen.org/uploads/2024-10465410_Sy0djXFJyl.JPG,Jørgen Christiansen,Jørgen Christiansen,1601x1200,Jørgen Christiansen,2024-10-13,Denmark,Fårup,trumpet;dark;funnel,paired above_idx=1 below_idx=2; trumpet;dark;funnel; source=Svampeatlas/GBIF; occurrence=5052247678; above=cap/top/whole view; below=underside/gills/pores/folds/stem/base view
CR.CO_034,CR.CO,Craterellus cornucopioides,confusing,id,5052262151,https://www.gbif.org/occurrence/5052262151,http://creativecommons.org/licenses/by-nc/4.0/legalcode,data/raw/Benchmark/CR.CO/CR.CO_034_above.jpg,https://svampe.databasen.org/uploads/2024-10452250_BylphzdDTR.JPG,Leif B Nielsen,Leif B Nielsen,1593x1200,data/raw/Benchmark/CR.CO/CR.CO_034_below.jpg,https://svampe.databasen.org/uploads/2024-10452250_rJThfOPT0.JPG,Leif B Nielsen,Leif B Nielsen,933x1200,Leif B Nielsen,2024-09-17,Denmark,Hvidemose,trumpet;dark;funnel,paired above_idx=1 below_idx=2; trumpet;dark;funnel; source=Svampeatlas/GBIF; occurrence=5052262151; above=cap/top/whole view; below=underside/gills/pores/folds/stem/base view
FO.BE_035,FO.BE,Fomitopsis betulina,easy,id,5106480117,https://www.gbif.org/occurrence/5106480117,http://creativecommons.org/licenses/by-nc/4.0/legalcode,data/raw/Benchmark/FO.BE/FO.BE_035_above.jpg,https://svampe.databasen.org/uploads/2025-10501425_H1eesRec1x.JPG,Jan Westberg-Sørensen,Jan Westberg-Sørensen,1599x1200,data/raw/Benchmark/FO.BE/FO.BE_035_below.jpg,https://svampe.databasen.org/uploads/2025-10501425_Bygllo0l5Jg.JPG,Jan Westberg-Sørensen,Jan Westberg-Sørensen,1599x1200,Jan Westberg-Sørensen,2025-02-16,Denmark,Øster Prisskov,polypore;bracket;wood,paired above_idx=2 below_idx=1; polypore;bracket;wood; source=Svampeatlas/GBIF; occurrence=5106480117; above=cap/top/whole view; below=underside/gills/pores/folds/stem/base view
FO.BE_036,FO.BE,Fomitopsis betulina,easy,id,6161868580,https://www.gbif.org/occurrence/6161868580,http://creativecommons.org/licenses/by-nc/4.0/legalcode,data/raw/Benchmark/FO.BE/FO.BE_036_above.jpg,https://svampe.databasen.org/uploads/2026-10581264_S1f7DxKrZe.JPG,Bo Valeur,Bo Valeur,1800x900,data/raw/Benchmark/FO.BE/FO.BE_036_below.jpg,https://svampe.databasen.org/uploads/2026-10581264_rJezQDetrZe.JPG,Bo Valeur,Bo Valeur,1800x1113,Bo Valeur,2026-01-17,Denmark,Lyngby Åmose,polypore;bracket;wood,paired above_idx=1 below_idx=2; polypore;bracket;wood; source=Svampeatlas/GBIF; occurrence=6161868580; above=cap/top/whole view; below=underside/gills/pores/folds/stem/base view
LY.PE_037,LY.PE,Lycoperdon perlatum,puffball,id,5898626078,https://www.gbif.org/occurrence/5898626078,http://creativecommons.org/licenses/by-nc/4.0/legalcode,data/raw/Benchmark/LY.PE/LY.PE_037_above.jpg,https://svampe.databasen.org/uploads/2025-10535887_Sk65_Njjgl.JPG,Annette Greenfort,Annette Greenfort,3024x4032,data/raw/Benchmark/LY.PE/LY.PE_037_below.jpg,https://svampe.databasen.org/uploads/2025-10535887_Hkp5dEsixx.JPG,Annette Greenfort,Annette Greenfort,3024x4032,Annette Greenfort,2025-09-19,Denmark,Bangsebro Skov,puffball;round;spines,paired above_idx=2 below_idx=1; puffball;round;spines; source=Svampeatlas/GBIF; occurrence=5898626078; above=cap/top/whole view; below=underside/gills/pores/folds/stem/base view
LY.PE_038,LY.PE,Lycoperdon perlatum,puffball,id,5898626813,https://www.gbif.org/occurrence/5898626813,http://creativecommons.org/licenses/by-nc/4.0/legalcode,data/raw/Benchmark/LY.PE/LY.PE_038_above.jpg,https://svampe.databasen.org/uploads/2025-10524920_rJe7GEB9_gl.JPG,Dan Schou,Dan Schou,900x900,data/raw/Benchmark/LY.PE/LY.PE_038_below.jpg,https://svampe.databasen.org/uploads/2025-10524920_HJQG4r9_lx.JPG,Dan Schou,Dan Schou,1101x1200,Dan Schou,2025-08-13,Denmark,Løvehave,puffball;round;spines,paired above_idx=2 below_idx=1; puffball;round;spines; source=Svampeatlas/GBIF; occurrence=5898626813; above=cap/top/whole view; below=underside/gills/pores/folds/stem/base view
SP.CR_039,SP.CR,Sparassis crispa,confusing,id,5898627808,https://www.gbif.org/occurrence/5898627808,http://creativecommons.org/licenses/by-nc/4.0/legalcode,data/raw/Benchmark/SP.CR/SP.CR_039_above.jpg,https://svampe.databasen.org/uploads/2025-10528786_H173a2Zcxl.JPG,Mikkel Teglgaard Møller,Mikkel Teglgaard Møller,3072x4080,data/raw/Benchmark/SP.CR/SP.CR_039_below.jpg,https://svampe.databasen.org/uploads/2025-10528786_ry43TnZ9xe.JPG,Mikkel Teglgaard Møller,Mikkel Teglgaard Møller,3072x4080,Mikkel Teglgaard Møller,2025-08-31,Denmark,Velling Igelsø,cauliflower;branched;edible,paired above_idx=1 below_idx=2; cauliflower;branched;edible; source=Svampeatlas/GBIF; occurrence=5898627808; above=cap/top/whole view; below=underside/gills/pores/folds/stem/base view
SP.CR_040,SP.CR,Sparassis crispa,confusing,id,5898657877,https://www.gbif.org/occurrence/5898657877,http://creativecommons.org/licenses/by-nc/4.0/legalcode,data/raw/Benchmark/SP.CR/SP.CR_040_above.jpg,https://svampe.databasen.org/uploads/2025-10527512_SJKyHW5Yel.JPG,Ulrich Møllgaard,Ulrich Møllgaard,2268x4032,data/raw/Benchmark/SP.CR/SP.CR_040_below.jpg,https://svampe.databasen.org/uploads/2025-10527512_S1qkH-9Fex.JPG,Ulrich Møllgaard,Ulrich Møllgaard,2268x4032,Ulrich Møllgaard,2025-08-25,Denmark,Bryrup Langsø,cauliflower;branched;edible,paired above_idx=2 below_idx=1; cauliflower;branched;edible; source=Svampeatlas/GBIF; occurrence=5898657877; above=cap/top/whole view; below=underside/gills/pores/folds/stem/base view
GY.ES_041,GY.ES,Gyromitra esculenta,ood,ood,4847336116,https://www.gbif.org/occurrence/4847336116,http://creativecommons.org/licenses/by-nc/4.0/legalcode,data/raw/Benchmark/GY.ES/GY.ES_041_above.jpg,https://svampe.databasen.org/uploads/2024-10427962_BkZJwtirxR.JPG,Nicklas boye sparre Bjørneboe,Nicklas boye sparre Bjørneboe,1599x1200,data/raw/Benchmark/GY.ES/GY.ES_041_below.jpg,https://svampe.databasen.org/uploads/2024-10427962_BkxJDtoHgC.JPG,Nicklas boye sparre Bjørneboe,Nicklas boye sparre Bjørneboe,1599x1200,Thomas Læssøe,2024-04-11,Denmark,Rishøj,toxic;false_morel;brain_like;confusing_pair,paired above_idx=1 below_idx=2; toxic;false_morel;brain_like;confusing_pair; source=Svampeatlas/GBIF; occurrence=4847336116; above=cap/top/whole view; below=underside/gills/pores/folds/stem/base view
GY.ES_042,GY.ES,Gyromitra esculenta,ood,ood,4847337500,https://www.gbif.org/occurrence/4847337500,http://creativecommons.org/licenses/by-nc/4.0/legalcode,data/raw/Benchmark/GY.ES/GY.ES_042_above.jpg,https://svampe.databasen.org/uploads/2024-10421202_B1-YaFtPna.JPG,Frits Sørensen,Frits Sørensen,900x1200,data/raw/Benchmark/GY.ES/GY.ES_042_below.jpg,https://svampe.databasen.org/uploads/2024-10421202_BJgKTYKwnp.JPG,Frits Sørensen,Frits Sørensen,900x1200,Frits Sørensen,2024-02-24,Denmark,Skaven,toxic;false_morel;brain_like;confusing_pair,paired above_idx=1 below_idx=2; toxic;false_morel;brain_like;confusing_pair; source=Svampeatlas/GBIF; occurrence=4847337500; above=cap/top/whole view; below=underside/gills/pores/folds/stem/base view
GA.MA_043,GA.MA,Galerina marginata,ood,ood,5898634047,https://www.gbif.org/occurrence/5898634047,http://creativecommons.org/licenses/by-nc/4.0/legalcode,data/raw/Benchmark/GA.MA/GA.MA_043_below.jpg,https://svampe.databasen.org/uploads/2025-10552499_ryn2CybCll.JPG,Lars Stokholm,Lars Stokholm,4000x3000,data/raw/Benchmark/GA.MA/GA.MA_043_above.jpg,https://svampe.databasen.org/uploads/2025-10552499_SJ520JZCxg.JPG,Lars Stokholm,Lars Stokholm,4000x3000,Lars Stokholm,2025-10-18,Denmark,Høveltsvang,extremely_toxic;small_brown_gills;confusing_pair,paired above_idx=1 below_idx=2; extremely_toxic;small_brown_gills;confusing_pair; source=Svampeatlas/GBIF; occurrence=5898634047; above=cap/top/whole view; below=underside/gills/pores/folds/stem/base view; orientation_corrected: swapped above/below after visual audit
GA.MA_044,GA.MA,Galerina marginata,ood,ood,5898646261,https://www.gbif.org/occurrence/5898646261,http://creativecommons.org/licenses/by-nc/4.0/legalcode,data/raw/Benchmark/GA.MA/GA.MA_044_above.jpg,https://svampe.databasen.org/uploads/2025-10542272_HkxP7Snq3el.JPG,Frits Sørensen,Frits Sørensen,900x1200,data/raw/Benchmark/GA.MA/GA.MA_044_below.jpg,https://svampe.databasen.org/uploads/2025-10542272_HJZw7r3q2xe.JPG,Frits Sørensen,Frits Sørensen,900x1200,Frits Sørensen,2025-10-01,Denmark,Fogstrup,extremely_toxic;small_brown_gills;confusing_pair,paired above_idx=3 below_idx=2; extremely_toxic;small_brown_gills;confusing_pair; source=Svampeatlas/GBIF; occurrence=5898646261; above=cap/top/whole view; below=underside/gills/pores/folds/stem/base view
PL.OS_045,PL.OS,Pleurotus ostreatus,ood,ood,5052245440,https://www.gbif.org/occurrence/5052245440,http://creativecommons.org/licenses/by-nc/4.0/legalcode,data/raw/Benchmark/PL.OS/PL.OS_045_above.jpg,https://svampe.databasen.org/uploads/2025-10495477_rJGNgL5vyx.JPG,Jan Westberg-Sørensen,Jan Westberg-Sørensen,3468x4624,data/raw/Benchmark/PL.OS/PL.OS_045_below.jpg,https://svampe.databasen.org/uploads/2025-10495477_rJrVxU5Dke.JPG,Jan Westberg-Sørensen,Jan Westberg-Sørensen,4624x3468,Karen Poulsen,2025-01-19,Denmark,Bønneløkke Skov,oyster;shelf;gills;wood,paired above_idx=1 below_idx=2; oyster;shelf;gills;wood; source=Svampeatlas/GBIF; occurrence=5052245440; above=cap/top/whole view; below=underside/gills/pores/folds/stem/base view
PL.OS_046,PL.OS,Pleurotus ostreatus,ood,ood,6161874219,https://www.gbif.org/occurrence/6161874219,http://creativecommons.org/licenses/by-nc/4.0/legalcode,data/raw/Benchmark/PL.OS/PL.OS_046_above.jpg,https://svampe.databasen.org/uploads/2026-10579392_H1bs9jE4Zg.JPG,Peter Stidsen,Peter Stidsen,4080x3060,data/raw/Benchmark/PL.OS/PL.OS_046_below.jpg,https://svampe.databasen.org/uploads/2026-10579392_H1zj5i4N-e.JPG,Peter Stidsen,Peter Stidsen,4080x3060,Peter Stidsen,2026-01-01,Denmark,Sønderbæk,oyster;shelf;gills;wood,paired above_idx=1 below_idx=2; oyster;shelf;gills;wood; source=Svampeatlas/GBIF; occurrence=6161874219; above=cap/top/whole view; below=underside/gills/pores/folds/stem/base view
CA.TU_047,CA.TU,Cantharellus tubaeformis,ood,ood,5898631275,https://www.gbif.org/occurrence/5898631275,http://creativecommons.org/licenses/by-nc/4.0/legalcode,data/raw/Benchmark/CA.TU/CA.TU_047_above.jpg,https://svampe.databasen.org/uploads/2025-10556923_BJRq-pjAex.JPG,Nanna Filskov Theilgaard,Nanna Filskov Theilgaard,3024x4032,data/raw/Benchmark/CA.TU/CA.TU_047_below.jpg,https://svampe.databasen.org/uploads/2025-10556923_H1Go-Tj0gl.JPG,Nanna Filskov Theilgaard,Nanna Filskov Theilgaard,3024x4032,Nanna Filskov Theilgaard,2025-10-26,Denmark,Skørpinglund,funnel_chanterelle;folds;hollow_stem,paired above_idx=1 below_idx=2; funnel_chanterelle;folds;hollow_stem; source=Svampeatlas/GBIF; occurrence=5898631275; above=cap/top/whole view; below=underside/gills/pores/folds/stem/base view
CA.TU_048,CA.TU,Cantharellus tubaeformis,ood,ood,5898654001,https://www.gbif.org/occurrence/5898654001,http://creativecommons.org/licenses/by-nc/4.0/legalcode,data/raw/Benchmark/CA.TU/CA.TU_048_above.jpg,https://svampe.databasen.org/uploads/2025-10529279_B1WVlpqB9xx.JPG,Frits Sørensen,Frits Sørensen,900x1200,data/raw/Benchmark/CA.TU/CA.TU_048_below.jpg,https://svampe.databasen.org/uploads/2025-10529279_BJ4g69r9xe.JPG,Frits Sørensen,Frits Sørensen,900x1200,Frits Sørensen,2025-09-03,Denmark,Gludsted Plantage,funnel_chanterelle;folds;hollow_stem,paired above_idx=1 below_idx=2; funnel_chanterelle;folds;hollow_stem; source=Svampeatlas/GBIF; occurrence=5898654001; above=cap/top/whole view; below=underside/gills/pores/folds/stem/base view
HY.RE_049,HY.RE,Hydnum repandum,ood,ood,5898630302,https://www.gbif.org/occurrence/5898630302,http://creativecommons.org/licenses/by-nc/4.0/legalcode,data/raw/Benchmark/HY.RE/HY.RE_049_above.jpg,https://svampe.databasen.org/uploads/2025-10525137_H18Jmwiuee.JPG,Dan Schou,Dan Schou,1086x575,data/raw/Benchmark/HY.RE/HY.RE_049_below.jpg,https://svampe.databasen.org/uploads/2025-10525137_BJzIJmwoOee.JPG,Dan Schou,Dan Schou,1164x1119,Dan Schou,2025-08-14,Denmark,Rantzausminde,teeth;hedgehog;edible,paired above_idx=2 below_idx=1; teeth;hedgehog;edible; source=Svampeatlas/GBIF; occurrence=5898630302; above=cap/top/whole view; below=underside/gills/pores/folds/stem/base view
HY.RE_050,HY.RE,Hydnum repandum,ood,ood,5898649816,https://www.gbif.org/occurrence/5898649816,http://creativecommons.org/licenses/by-nc/4.0/legalcode,data/raw/Benchmark/HY.RE/HY.RE_050_above.jpg,https://svampe.databasen.org/uploads/2025-10531835_SkzwY8gjxl.JPG,Troels Ingemann,Troels Ingemann,3024x4032,data/raw/Benchmark/HY.RE/HY.RE_050_below.jpg,https://svampe.databasen.org/uploads/2025-10531835_HyzDt8xjel.JPG,Troels Ingemann,Troels Ingemann,3024x4032,Troels Ingemann,2025-09-11,Faroe Islands,Minnisvarði teirra sjólátnu,teeth;hedgehog;edible,paired above_idx=2 below_idx=1; teeth;hedgehog;edible; source=Svampeatlas/GBIF; occurrence=5898649816; above=cap/top/whole view; below=underside/gills/pores/folds/stem/base view
CAL.GI_051,CAL.GI,Calvatia gigantea,puffball,ood,5106485911,https://www.gbif.org/occurrence/5106485911,http://creativecommons.org/licenses/by-nc/4.0/legalcode,data/raw/Benchmark/CAL.GI/CAL.GI_051_above.jpg,https://svampe.databasen.org/uploads/2025-10505855_SkMpin9nJx.JPG,Troels Ingemann,Troels Ingemann,3024x4032,data/raw/Benchmark/CAL.GI/CAL.GI_051_above.jpg,https://svampe.databasen.org/uploads/2025-10505855_SkMpin9nJx.JPG,Troels Ingemann,Troels Ingemann,3024x4032,Troels Ingemann,2025-03-21,Denmark,Bonderup,ood;puffball;round;no_underside;giant,paired above_idx=1 below_idx=1; puffball has no underside view; above image intentionally reused for below; source=Svampeatlas/GBIF; occurrence=5106485911
CAL.GI_052,CAL.GI,Calvatia gigantea,puffball,ood,6161867576,https://www.gbif.org/occurrence/6161867576,http://creativecommons.org/licenses/by-nc/4.0/legalcode,data/raw/Benchmark/CAL.GI/CAL.GI_052_above.jpg,https://svampe.databasen.org/uploads/2026-10582376_BkhF4bx8Zg.JPG,Henrik Baark,Henrik Baark,1600x1200,data/raw/Benchmark/CAL.GI/CAL.GI_052_above.jpg,https://svampe.databasen.org/uploads/2026-10582376_BkhF4bx8Zg.JPG,Henrik Baark,Henrik Baark,1600x1200,Henrik Baark,2026-01-22,Denmark,Tamosen,ood;puffball;round;no_underside;giant,paired above_idx=1 below_idx=1; puffball has no underside view; above image intentionally reused for below; source=Svampeatlas/GBIF; occurrence=6161867576
CAL.GI_053,CAL.GI,Calvatia gigantea,puffball,ood,5898669530,https://www.gbif.org/occurrence/5898669530,http://creativecommons.org/licenses/by-nc/4.0/legalcode,data/raw/Benchmark/CAL.GI/CAL.GI_053_above.jpg,https://svampe.databasen.org/uploads/2025-10509871_HJw_fYIygx.JPG,Ella Buck,Ella Buck,1600x1200,data/raw/Benchmark/CAL.GI/CAL.GI_053_above.jpg,https://svampe.databasen.org/uploads/2025-10509871_HJw_fYIygx.JPG,Ella Buck,Ella Buck,1600x1200,Ella Buck,2025-04-23,Denmark,Gammel Køgegård,ood;puffball;round;no_underside;giant,paired above_idx=1 below_idx=1; puffball has no underside view; above image intentionally reused for below; source=Svampeatlas/GBIF; occurrence=5898669530
RU.IN_054,RU.IN,Russula integra,ood,ood,5052267553,https://www.gbif.org/occurrence/5052267553,http://creativecommons.org/licenses/by-nc/4.0/legalcode,data/raw/Benchmark/RU.IN/RU.IN_054_above.jpg,https://svampe.databasen.org/uploads/2024-10470172_BkmG2SMeyx.JPG,Kirsten Bjørnsson,Kirsten Bjørnsson,1796x1200,data/raw/Benchmark/RU.IN/RU.IN_054_below.jpg,https://svampe.databasen.org/uploads/2024-10470172_S1x7GhBflyg.JPG,Kirsten Bjørnsson,Kirsten Bjørnsson,1796x1200,Kirsten Bjørnsson,2024-10-17,Sweden,Eriksberg,ood;russula;gills;cap;stem,paired above_idx=1 below_idx=2; above=cap/top view; below=underside/gills view; source=Svampeatlas/GBIF; occurrence=5052267553
RU.IN_055,RU.IN,Russula integra,ood,ood,5898672990,https://www.gbif.org/occurrence/5898672990,http://creativecommons.org/licenses/by-nc/4.0/legalcode,data/raw/Benchmark/RU.IN/RU.IN_055_above.jpg,https://svampe.databasen.org/uploads/2025-10540321_ByVTBYLnee.JPG,Belinda Lykke Sonne Andersen,Belinda Lykke Sonne Andersen,1200x961,data/raw/Benchmark/RU.IN/RU.IN_055_below.jpg,https://svampe.databasen.org/uploads/2025-10540321_Skl4pStU2xe.JPG,Belinda Lykke Sonne Andersen,Belinda Lykke Sonne Andersen,1200x1112,Belinda Lykke Sonne Andersen,2025-09-27,Denmark,Almindingen,ood;russula;gills;cap;stem,paired above_idx=2 below_idx=3; above=cap/top view; below=underside/gills view; source=Svampeatlas/GBIF; occurrence=5898672990
RU.BA_056,RU.BA,Russula badia,ood,ood,4940915542,https://www.gbif.org/occurrence/4940915542,http://creativecommons.org/licenses/by-nc/4.0/legalcode,data/raw/Benchmark/RU.BA/RU.BA_056_above.jpg,https://svampe.databasen.org/uploads/2024-10450345_S1D5auxTR.JPG,Kirsten Bjørnsson,Kirsten Bjørnsson,1796x1200,data/raw/Benchmark/RU.BA/RU.BA_056_below.jpg,https://svampe.databasen.org/uploads/2024-10450345_BJgD5pdeTR.JPG,Kirsten Bjørnsson,Kirsten Bjørnsson,1796x1200,Kirsten Bjørnsson,2024-09-12,Estonia,Koltse Järv,ood;russula;gills;cap;stem,paired above_idx=2 below_idx=1; above=cap/top view; below=underside/gills view; source=Svampeatlas/GBIF; occurrence=4940915542
RU.BA_057,RU.BA,Russula badia,ood,ood,4940923869,https://www.gbif.org/occurrence/4940923869,http://creativecommons.org/licenses/by-nc/4.0/legalcode,data/raw/Benchmark/RU.BA/RU.BA_057_above.jpg,https://svampe.databasen.org/uploads/2024-10450130_H1BWJXyTR.JPG,Ole Sparre Pedersen,Ole Sparre Pedersen,1800x1200,data/raw/Benchmark/RU.BA/RU.BA_057_below.jpg,https://svampe.databasen.org/uploads/2024-10450130_HyxHZymk6C.JPG,Ole Sparre Pedersen,Ole Sparre Pedersen,1756x1200,Ole Sparre Pedersen,2024-09-11,Estonia,Koltse Järv,ood;russula;gills;cap;stem,paired above_idx=1 below_idx=2; above=cap/top view; below=underside/gills view; source=Svampeatlas/GBIF; occurrence=4940923869
