filename,species_id,scientific_name,gbif_occurrence_id,gbif_dataset_key,source_url,license,rights_holder,recorded_by,locality
PL.OS_Pleurotus_ostreatus_gbif_01.jpg,PL.OS,Pleurotus ostreatus,5937971321,6ac3f774-d9fb-4796-b3e9-92bf6c81c084,https://live.staticflickr.com/65535/55017387855_a2f3872e41_b.jpg,http://creativecommons.org/licenses/by/4.0/legalcode,,881932368,"Lauer Holz - Hundewald, Lübeck"
PL.OS_Pleurotus_ostreatus_gbif_02.jpg,PL.OS,Pleurotus ostreatus,5938048318,50c9509d-22c7-4a22-a47d-8c48425ef4a7,https://inaturalist-open-data.s3.amazonaws.com/photos/605179412/original.jpg,http://creativecommons.org/publicdomain/zero/1.0/legalcode,Dan Vickers,Dan Vickers,
PL.OS_Pleurotus_ostreatus_gbif_03.jpg,PL.OS,Pleurotus ostreatus,5938145315,50c9509d-22c7-4a22-a47d-8c48425ef4a7,https://inaturalist-open-data.s3.amazonaws.com/photos/604455513/original.jpg,http://creativecommons.org/licenses/by-nc/4.0/legalcode,bigyear2026,bigyear2026,
PL.OS_Pleurotus_ostreatus_gbif_04.jpg,PL.OS,Pleurotus ostreatus,5938155771,50c9509d-22c7-4a22-a47d-8c48425ef4a7,https://inaturalist-open-data.s3.amazonaws.com/photos/605483227/original.jpg,http://creativecommons.org/licenses/by-nc/4.0/legalcode,charlotte-bug,charlotte-bug,
PL.OS_Pleurotus_ostreatus_gbif_05.jpg,PL.OS,Pleurotus ostreatus,5938194098,50c9509d-22c7-4a22-a47d-8c48425ef4a7,https://inaturalist-open-data.s3.amazonaws.com/photos/604799819/original.jpg,http://creativecommons.org/licenses/by/4.0/legalcode,Holly,Holly,
PL.OS_Pleurotus_ostreatus_gbif_06.jpg,PL.OS,Pleurotus ostreatus,5938358483,50c9509d-22c7-4a22-a47d-8c48425ef4a7,https://inaturalist-open-data.s3.amazonaws.com/photos/605257129/original.jpg,http://creativecommons.org/licenses/by-nc/4.0/legalcode,anneb44,anneb44,
PL.OS_Pleurotus_ostreatus_gbif_07.jpg,PL.OS,Pleurotus ostreatus,5938370703,50c9509d-22c7-4a22-a47d-8c48425ef4a7,https://inaturalist-open-data.s3.amazonaws.com/photos/605182523/original.jpg,http://creativecommons.org/licenses/by-nc/4.0/legalcode,katyarose1,katyarose1,
PL.OS_Pleurotus_ostreatus_gbif_08.jpg,PL.OS,Pleurotus ostreatus,5938370900,50c9509d-22c7-4a22-a47d-8c48425ef4a7,https://inaturalist-open-data.s3.amazonaws.com/photos/605473903/original.jpg,http://creativecommons.org/licenses/by-nc/4.0/legalcode,katiebeec,katiebeec,
PL.OS_Pleurotus_ostreatus_gbif_09.jpg,PL.OS,Pleurotus ostreatus,5938385961,50c9509d-22c7-4a22-a47d-8c48425ef4a7,https://inaturalist-open-data.s3.amazonaws.com/photos/604606961/original.jpg,http://creativecommons.org/licenses/by-nc/4.0/legalcode,ethana05,ethana05,
PL.OS_Pleurotus_ostreatus_gbif_10.jpg,PL.OS,Pleurotus ostreatus,5938404273,50c9509d-22c7-4a22-a47d-8c48425ef4a7,https://inaturalist-open-data.s3.amazonaws.com/photos/605709484/original.jpg,http://creativecommons.org/publicdomain/zero/1.0/legalcode,NENP_StBartsNewbury,NENP_StBartsNewbury,
PL.OS_Pleurotus_ostreatus_gbif_11.jpg,PL.OS,Pleurotus ostreatus,5938423693,50c9509d-22c7-4a22-a47d-8c48425ef4a7,https://inaturalist-open-data.s3.amazonaws.com/photos/605690054/original.jpg,http://creativecommons.org/licenses/by-nc/4.0/legalcode,Ирина Шиварутина,Ирина Шиварутина,
PL.OS_Pleurotus_ostreatus_gbif_12.jpg,PL.OS,Pleurotus ostreatus,5938445134,50c9509d-22c7-4a22-a47d-8c48425ef4a7,https://inaturalist-open-data.s3.amazonaws.com/photos/604670791/original.jpg,http://creativecommons.org/licenses/by-nc/4.0/legalcode,Ann Durham,Ann Durham,
CR.CO_Craterellus_cornucopioides_gbif_01.jpg,CR.CO,Craterellus cornucopioides,5938260896,50c9509d-22c7-4a22-a47d-8c48425ef4a7,https://inaturalist-open-data.s3.amazonaws.com/photos/605445574/original.jpg,http://creativecommons.org/licenses/by-nc/4.0/legalcode,Paulo da Silva,Paulo da Silva,
CR.CO_Craterellus_cornucopioides_gbif_02.jpg,CR.CO,Craterellus cornucopioides,5938373588,50c9509d-22c7-4a22-a47d-8c48425ef4a7,https://inaturalist-open-data.s3.amazonaws.com/photos/605074004/original.jpg,http://creativecommons.org/licenses/by-nc/4.0/legalcode,Goreti Fonseca,Goreti Fonseca,
CR.CO_Craterellus_cornucopioides_gbif_03.jpg,CR.CO,Craterellus cornucopioides,5938489965,50c9509d-22c7-4a22-a47d-8c48425ef4a7,https://inaturalist-open-data.s3.amazonaws.com/photos/605071988/original.jpg,http://creativecommons.org/licenses/by-nc/4.0/legalcode,Goreti Fonseca,Goreti Fonseca,
CR.CO_Craterellus_cornucopioides_gbif_04.jpg,CR.CO,Craterellus cornucopioides,5938639840,50c9509d-22c7-4a22-a47d-8c48425ef4a7,https://inaturalist-open-data.s3.amazonaws.com/photos/605445604/original.jpg,http://creativecommons.org/licenses/by-nc/4.0/legalcode,Paulo da Silva,Paulo da Silva,
CR.CO_Craterellus_cornucopioides_gbif_05.jpg,CR.CO,Craterellus cornucopioides,5938644031,50c9509d-22c7-4a22-a47d-8c48425ef4a7,https://inaturalist-open-data.s3.amazonaws.com/photos/605445555/original.jpg,http://creativecommons.org/licenses/by-nc/4.0/legalcode,Paulo da Silva,Paulo da Silva,
CR.CO_Craterellus_cornucopioides_gbif_06.jpg,CR.CO,Craterellus cornucopioides,5938677136,50c9509d-22c7-4a22-a47d-8c48425ef4a7,https://inaturalist-open-data.s3.amazonaws.com/photos/605445594/original.jpg,http://creativecommons.org/licenses/by-nc/4.0/legalcode,Paulo da Silva,Paulo da Silva,
CR.CO_Craterellus_cornucopioides_gbif_07.jpg,CR.CO,Craterellus cornucopioides,5938711621,50c9509d-22c7-4a22-a47d-8c48425ef4a7,https://inaturalist-open-data.s3.amazonaws.com/photos/605667368/original.jpg,http://creativecommons.org/licenses/by-nc/4.0/legalcode,mycojpdude,mycojpdude,
CR.CO_Craterellus_cornucopioides_gbif_08.jpg,CR.CO,Craterellus cornucopioides,6130672557,50c9509d-22c7-4a22-a47d-8c48425ef4a7,https://inaturalist-open-data.s3.amazonaws.com/photos/609426859/original.jpg,http://creativecommons.org/licenses/by/4.0/legalcode,victor laborde,victor laborde,
CR.CO_Craterellus_cornucopioides_gbif_09.jpg,CR.CO,Craterellus cornucopioides,6131082482,50c9509d-22c7-4a22-a47d-8c48425ef4a7,https://inaturalist-open-data.s3.amazonaws.com/photos/611040761/original.jpg,http://creativecommons.org/licenses/by-nc/4.0/legalcode,byangeldavid,byangeldavid,
CR.CO_Craterellus_cornucopioides_gbif_10.jpg,CR.CO,Craterellus cornucopioides,6131252730,50c9509d-22c7-4a22-a47d-8c48425ef4a7,https://inaturalist-open-data.s3.amazonaws.com/photos/606156419/original.jpg,http://creativecommons.org/licenses/by/4.0/legalcode,Lucian Clanet,Lucian Clanet,
CR.CO_Craterellus_cornucopioides_gbif_11.jpg,CR.CO,Craterellus cornucopioides,6163248906,50c9509d-22c7-4a22-a47d-8c48425ef4a7,https://inaturalist-open-data.s3.amazonaws.com/photos/617302041/original.jpg,http://creativecommons.org/licenses/by-nc/4.0/legalcode,nicomanus,nicomanus,
CR.CO_Craterellus_cornucopioides_gbif_12.jpg,CR.CO,Craterellus cornucopioides,6163287442,50c9509d-22c7-4a22-a47d-8c48425ef4a7,https://inaturalist-open-data.s3.amazonaws.com/photos/616694956/original.jpg,http://creativecommons.org/licenses/by-nc/4.0/legalcode,Nuno Figueiredo,Nuno Figueiredo,
LY.PE_Lepista_personata_gbif_01.jpg,LY.PE,Lepista personata,6161876353,84d26682-f762-11e1-a439-00145eb45e9a,https://svampe.databasen.org/uploads/2026-10579005_rJ8RLa7V-e.JPG,http://creativecommons.org/licenses/by-nc/4.0/legalcode,,Flemming Ryden,Tokkerup (Lolland)
LY.PE_Lepista_personata_gbif_02.jpg,LY.PE,Lepista personata,6161881487,84d26682-f762-11e1-a439-00145eb45e9a,https://svampe.databasen.org/uploads/2026-10579907_Byy1FDtN-l.JPG,http://creativecommons.org/licenses/by-nc/4.0/legalcode,,Henrik Mathiassen,Mariebjerg Kirkegård
LY.PE_Lepista_personata_gbif_03.jpg,LY.PE,Lepista personata,5008739728,8a863029-f435-446a-821e-275f4f641165,https://observation.org/photos/110140734.jpg,http://creativecommons.org/licenses/by-nc/4.0/legalcode,Stichting Observation International,User 151612,Puttershoek - voormalige suikerfabriek
LY.PE_Lepista_personata_gbif_04.jpg,LY.PE,Lepista personata,5052245548,84d26682-f762-11e1-a439-00145eb45e9a,https://svampe.databasen.org/uploads/2025-10496610_rJwQered1x.JPG,http://creativecommons.org/licenses/by-nc/4.0/legalcode,,Michael Sonniks,Valby
LY.PE_Lepista_personata_gbif_05.jpg,LY.PE,Lepista personata,5052246615,84d26682-f762-11e1-a439-00145eb45e9a,https://svampe.databasen.org/uploads/2025-10492883_ByONJ08I1e.JPG,http://creativecommons.org/licenses/by-nc/4.0/legalcode,,Flemming Ryden,Tokkerup (Lolland)
LY.PE_Lepista_personata_gbif_06.jpg,LY.PE,Lepista personata,5052253026,84d26682-f762-11e1-a439-00145eb45e9a,https://svampe.databasen.org/uploads/2025-10493736_rJCTbFAIyx.JPG,http://creativecommons.org/licenses/by-nc/4.0/legalcode,,Frank Desting,Gentofte Sø
LY.PE_Lepista_personata_gbif_07.jpg,LY.PE,Lepista personata,5106478418,84d26682-f762-11e1-a439-00145eb45e9a,https://svampe.databasen.org/uploads/2025-10497613_r1cOp5Udyx.JPG,http://creativecommons.org/licenses/by-nc/4.0/legalcode,,Ella Buck,Haraldsted
LY.PE_Lepista_personata_gbif_08.jpg,LY.PE,Lepista personata,5106481599,84d26682-f762-11e1-a439-00145eb45e9a,https://svampe.databasen.org/uploads/2025-10498625_B1xolKZh_Jl.JPG,http://creativecommons.org/licenses/by-nc/4.0/legalcode,,Annette Greenfort,Holtegård
LY.PE_Lepista_personata_gbif_09.jpg,LY.PE,Lepista personata,5101214119,8a863029-f435-446a-821e-275f4f641165,https://observation.org/photos/111913783.jpg,http://creativecommons.org/licenses/by-nc/4.0/legalcode,Stichting Observation International,User 877492,Villa de Madrid
LY.PE_Lepista_personata_gbif_10.jpg,LY.PE,Lepista personata,5101226089,8a863029-f435-446a-821e-275f4f641165,https://observation.org/photos/111609361.jpg,http://creativecommons.org/licenses/by-nc/4.0/legalcode,Stichting Observation International,User 197317,Juslapeña
LY.PE_Lepista_personata_gbif_11.jpg,LY.PE,Lepista personata,5759267169,b124e1e0-4755-430f-9eab-894f25a9b59c,https://www.artsobservasjoner.no/MediaLibrary/2025/8/1a17cda4-d3be-4018-b880-c00168221340_image.jpg,http://creativecommons.org/licenses/by/4.0/legalcode,,Ole Christian Hagestad,"Slettengvegen, Tromsø, Tr"
LY.PE_Lepista_personata_gbif_12.jpg,LY.PE,Lepista personata,5841601823,b124e1e0-4755-430f-9eab-894f25a9b59c,https://www.artsobservasjoner.no/MediaLibrary/2025/10/886ec4d0-a949-428b-93d0-152d8cd911f6_image.jpg,http://creativecommons.org/licenses/by/4.0/legalcode,,Marianne Moe,"Nordre gravlund, Oslo, Os"
CO.CO_Coprinus_comatus_gbif_01.jpg,CO.CO,Coprinus comatus,5938031941,50c9509d-22c7-4a22-a47d-8c48425ef4a7,https://inaturalist-open-data.s3.amazonaws.com/photos/605678872/original.jpg,http://creativecommons.org/licenses/by-nc/4.0/legalcode,kdcs,kdcs,
CO.CO_Coprinus_comatus_gbif_02.jpg,CO.CO,Coprinus comatus,5938173070,50c9509d-22c7-4a22-a47d-8c48425ef4a7,https://inaturalist-open-data.s3.amazonaws.com/photos/605307376/original.jpg,http://creativecommons.org/licenses/by-nc/4.0/legalcode,wildave,wildave,
CO.CO_Coprinus_comatus_gbif_03.jpg,CO.CO,Coprinus comatus,5938330250,50c9509d-22c7-4a22-a47d-8c48425ef4a7,https://inaturalist-open-data.s3.amazonaws.com/photos/604518657/original.jpg,http://creativecommons.org/licenses/by-nc/4.0/legalcode,fizzypaws,fizzypaws,
CO.CO_Coprinus_comatus_gbif_04.jpg,CO.CO,Coprinus comatus,5938371370,50c9509d-22c7-4a22-a47d-8c48425ef4a7,https://inaturalist-open-data.s3.amazonaws.com/photos/605183215/original.jpg,http://creativecommons.org/licenses/by-nc/4.0/legalcode,Mushroom Wonderland,Mushroom Wonderland,
CO.CO_Coprinus_comatus_gbif_05.jpg,CO.CO,Coprinus comatus,5938395265,50c9509d-22c7-4a22-a47d-8c48425ef4a7,https://inaturalist-open-data.s3.amazonaws.com/photos/605481784/original.jpg,http://creativecommons.org/licenses/by-nc/4.0/legalcode,perezcorona,perezcorona,
CO.CO_Coprinus_comatus_gbif_06.jpg,CO.CO,Coprinus comatus,5938476760,50c9509d-22c7-4a22-a47d-8c48425ef4a7,https://inaturalist-open-data.s3.amazonaws.com/photos/605509352/original.jpg,http://creativecommons.org/licenses/by-nc/4.0/legalcode,Eugene Hunn,Eugene Hunn,
CO.CO_Coprinus_comatus_gbif_07.jpg,CO.CO,Coprinus comatus,5938498441,50c9509d-22c7-4a22-a47d-8c48425ef4a7,https://inaturalist-open-data.s3.amazonaws.com/photos/605502062/original.jpg,http://creativecommons.org/licenses/by-nc/4.0/legalcode,aharveypdx,aharveypdx,
CO.CO_Coprinus_comatus_gbif_08.jpg,CO.CO,Coprinus comatus,5938695154,50c9509d-22c7-4a22-a47d-8c48425ef4a7,https://inaturalist-open-data.s3.amazonaws.com/photos/605345522/original.jpg,http://creativecommons.org/licenses/by-nc/4.0/legalcode,Kate Turner,Kate Turner,
CO.CO_Coprinus_comatus_gbif_09.jpg,CO.CO,Coprinus comatus,6129870169,50c9509d-22c7-4a22-a47d-8c48425ef4a7,https://inaturalist-open-data.s3.amazonaws.com/photos/606430910/original.jpg,http://creativecommons.org/licenses/by-nc/4.0/legalcode,Dean Lyons,Dean Lyons,
CO.CO_Coprinus_comatus_gbif_10.jpg,CO.CO,Coprinus comatus,6129871287,50c9509d-22c7-4a22-a47d-8c48425ef4a7,https://inaturalist-open-data.s3.amazonaws.com/photos/606169981/original.jpg,http://creativecommons.org/licenses/by-nc/4.0/legalcode,stellag28,stellag28,
CAL.GI_Calocybe_gambosa_gbif_01.jpg,CAL.GI,Calocybe gambosa,6183133532,8a863029-f435-446a-821e-275f4f641165,https://observation.org/photos/146084336.jpg,http://creativecommons.org/licenses/by-nc/4.0/legalcode,Stichting Observation International,User 178933,Heesselt - Voorste en Achterste Haar
CAL.GI_Calocybe_gambosa_gbif_02.jpg,CAL.GI,Calocybe gambosa,6184835569,50c9509d-22c7-4a22-a47d-8c48425ef4a7,https://inaturalist-open-data.s3.amazonaws.com/photos/626052744/original.jpg,http://creativecommons.org/publicdomain/zero/1.0/legalcode,Rosie,Rosie,
CAL.GI_Calocybe_gambosa_gbif_03.jpg,CAL.GI,Calocybe gambosa,6184905587,50c9509d-22c7-4a22-a47d-8c48425ef4a7,https://inaturalist-open-data.s3.amazonaws.com/photos/630898586/original.jpg,http://creativecommons.org/licenses/by/4.0/legalcode,Andy Donegan,Andy Donegan,
CAL.GI_Calocybe_gambosa_gbif_04.jpg,CAL.GI,Calocybe gambosa,6184995413,50c9509d-22c7-4a22-a47d-8c48425ef4a7,https://inaturalist-open-data.s3.amazonaws.com/photos/630117081/original.jpg,http://creativecommons.org/licenses/by/4.0/legalcode,Will Brantingham,Will Brantingham,
CAL.GI_Calocybe_gambosa_gbif_05.jpg,CAL.GI,Calocybe gambosa,6185047726,50c9509d-22c7-4a22-a47d-8c48425ef4a7,https://inaturalist-open-data.s3.amazonaws.com/photos/630420783/original.jpg,http://creativecommons.org/licenses/by-nc/4.0/legalcode,viince-16,viince-16,
CAL.GI_Calocybe_gambosa_gbif_06.jpg,CAL.GI,Calocybe gambosa,6185482428,50c9509d-22c7-4a22-a47d-8c48425ef4a7,https://inaturalist-open-data.s3.amazonaws.com/photos/630941684/original.jpg,http://creativecommons.org/licenses/by-nc/4.0/legalcode,pascal-d,pascal-d,
CAL.GI_Calocybe_gambosa_gbif_07.jpg,CAL.GI,Calocybe gambosa,6185710775,50c9509d-22c7-4a22-a47d-8c48425ef4a7,https://inaturalist-open-data.s3.amazonaws.com/photos/629432605/original.jpg,http://creativecommons.org/licenses/by-nc/4.0/legalcode,Mike Roberts,Mike Roberts,
CAL.GI_Calocybe_gambosa_gbif_08.jpg,CAL.GI,Calocybe gambosa,6185981664,50c9509d-22c7-4a22-a47d-8c48425ef4a7,https://inaturalist-open-data.s3.amazonaws.com/photos/628912979/original.jpg,http://creativecommons.org/licenses/by/4.0/legalcode,Cara Ennis,Cara Ennis,
CAL.GI_Calocybe_gambosa_gbif_09.jpg,CAL.GI,Calocybe gambosa,6186073018,50c9509d-22c7-4a22-a47d-8c48425ef4a7,https://inaturalist-open-data.s3.amazonaws.com/photos/628514466/original.jpg,http://creativecommons.org/licenses/by/4.0/legalcode,Cara Ennis,Cara Ennis,
CAL.GI_Calocybe_gambosa_gbif_10.jpg,CAL.GI,Calocybe gambosa,6186076438,50c9509d-22c7-4a22-a47d-8c48425ef4a7,https://inaturalist-open-data.s3.amazonaws.com/photos/628140201/original.jpg,http://creativecommons.org/licenses/by/4.0/legalcode,Virn Stothers,Virn Stothers,
FO.BE_Fomitopsis_betulina_gbif_01.jpg,FO.BE,Fomitopsis betulina,5938027506,50c9509d-22c7-4a22-a47d-8c48425ef4a7,https://inaturalist-open-data.s3.amazonaws.com/photos/605045681/original.jpg,http://creativecommons.org/licenses/by-nc/4.0/legalcode,Sandrine Lecoq,Sandrine Lecoq,
FO.BE_Fomitopsis_betulina_gbif_02.jpg,FO.BE,Fomitopsis betulina,5938085144,50c9509d-22c7-4a22-a47d-8c48425ef4a7,https://inaturalist-open-data.s3.amazonaws.com/photos/604460137/original.jpg,http://creativecommons.org/licenses/by/4.0/legalcode,Óscar Sampedro,Óscar Sampedro,
FO.BE_Fomitopsis_betulina_gbif_03.jpg,FO.BE,Fomitopsis betulina,5938105949,50c9509d-22c7-4a22-a47d-8c48425ef4a7,https://inaturalist-open-data.s3.amazonaws.com/photos/604803784/original.jpg,http://creativecommons.org/publicdomain/zero/1.0/legalcode,cpu,cpu,
FO.BE_Fomitopsis_betulina_gbif_04.jpg,FO.BE,Fomitopsis betulina,5938124540,50c9509d-22c7-4a22-a47d-8c48425ef4a7,https://inaturalist-open-data.s3.amazonaws.com/photos/604798352/original.jpg,http://creativecommons.org/publicdomain/zero/1.0/legalcode,K.,K.,
FO.BE_Fomitopsis_betulina_gbif_05.jpg,FO.BE,Fomitopsis betulina,5938135134,50c9509d-22c7-4a22-a47d-8c48425ef4a7,https://inaturalist-open-data.s3.amazonaws.com/photos/605046050/original.jpg,http://creativecommons.org/licenses/by-nc/4.0/legalcode,Sandrine Lecoq,Sandrine Lecoq,
FO.BE_Fomitopsis_betulina_gbif_06.jpg,FO.BE,Fomitopsis betulina,5938173428,50c9509d-22c7-4a22-a47d-8c48425ef4a7,https://inaturalist-open-data.s3.amazonaws.com/photos/605445690/original.jpg,http://creativecommons.org/licenses/by-nc/4.0/legalcode,Steve Holding,Steve Holding,
FO.BE_Fomitopsis_betulina_gbif_07.jpg,FO.BE,Fomitopsis betulina,5938175565,50c9509d-22c7-4a22-a47d-8c48425ef4a7,https://inaturalist-open-data.s3.amazonaws.com/photos/605741210/original.jpg,http://creativecommons.org/licenses/by-nc/4.0/legalcode,Kyle Gallagher,Kyle Gallagher,
FO.BE_Fomitopsis_betulina_gbif_08.jpg,FO.BE,Fomitopsis betulina,5938184794,50c9509d-22c7-4a22-a47d-8c48425ef4a7,https://inaturalist-open-data.s3.amazonaws.com/photos/605358310/original.jpg,http://creativecommons.org/publicdomain/zero/1.0/legalcode,Ed Bailey,Ed Bailey,
FO.BE_Fomitopsis_betulina_gbif_09.jpg,FO.BE,Fomitopsis betulina,5938190565,50c9509d-22c7-4a22-a47d-8c48425ef4a7,https://inaturalist-open-data.s3.amazonaws.com/photos/605076608/original.jpg,http://creativecommons.org/licenses/by-nc/4.0/legalcode,K. M. Scharinger,K. M. Scharinger,
FO.BE_Fomitopsis_betulina_gbif_10.jpg,FO.BE,Fomitopsis betulina,5938193408,50c9509d-22c7-4a22-a47d-8c48425ef4a7,https://inaturalist-open-data.s3.amazonaws.com/photos/604481512/original.jpg,http://creativecommons.org/licenses/by-nc/4.0/legalcode,drjkutztown,drjkutztown,
GY.ES_Gyromitra_esculenta_gbif_01.jpg,GY.ES,Gyromitra esculenta,6131113348,50c9509d-22c7-4a22-a47d-8c48425ef4a7,https://inaturalist-open-data.s3.amazonaws.com/photos/607296297/original.jpg,http://creativecommons.org/licenses/by-nc/4.0/legalcode,shaynie,shaynie,
GY.ES_Gyromitra_esculenta_gbif_02.jpg,GY.ES,Gyromitra esculenta,6171225112,50c9509d-22c7-4a22-a47d-8c48425ef4a7,https://inaturalist-open-data.s3.amazonaws.com/photos/619924267/original.jpg,http://creativecommons.org/licenses/by-nc/4.0/legalcode,pascal-d,pascal-d,
GY.ES_Gyromitra_esculenta_gbif_03.jpg,GY.ES,Gyromitra esculenta,6169899497,8a863029-f435-446a-821e-275f4f641165,https://observation.org/photos/144640866.jpg,http://creativecommons.org/licenses/by-nc/4.0/legalcode,Stichting Observation International,User 175577,Bosgebied Appelscha
GY.ES_Gyromitra_esculenta_gbif_04.jpg,GY.ES,Gyromitra esculenta,6178433314,50c9509d-22c7-4a22-a47d-8c48425ef4a7,https://inaturalist-open-data.s3.amazonaws.com/photos/622400899/original.jpg,http://creativecommons.org/licenses/by-nc/4.0/legalcode,woodragon64,woodragon64,
GY.ES_Gyromitra_esculenta_gbif_05.jpg,GY.ES,Gyromitra esculenta,6178757950,50c9509d-22c7-4a22-a47d-8c48425ef4a7,https://inaturalist-open-data.s3.amazonaws.com/photos/622947680/original.jpg,http://creativecommons.org/licenses/by/4.0/legalcode,Patrick Bayan,Patrick Bayan,
GY.ES_Gyromitra_esculenta_gbif_06.jpg,GY.ES,Gyromitra esculenta,6179179303,50c9509d-22c7-4a22-a47d-8c48425ef4a7,https://inaturalist-open-data.s3.amazonaws.com/photos/620377009/original.jpg,http://creativecommons.org/licenses/by-nc/4.0/legalcode,Rosa Lopez,Rosa Lopez,
GY.ES_Gyromitra_esculenta_gbif_07.jpg,GY.ES,Gyromitra esculenta,6179181071,50c9509d-22c7-4a22-a47d-8c48425ef4a7,https://inaturalist-open-data.s3.amazonaws.com/photos/623666738/original.jpg,http://creativecommons.org/licenses/by-nc/4.0/legalcode,Rachel,Rachel,
GY.ES_Gyromitra_esculenta_gbif_08.jpg,GY.ES,Gyromitra esculenta,6179290622,50c9509d-22c7-4a22-a47d-8c48425ef4a7,https://inaturalist-open-data.s3.amazonaws.com/photos/623917495/original.jpg,http://creativecommons.org/licenses/by-nc/4.0/legalcode,nicolefrisch,nicolefrisch,
GY.ES_Gyromitra_esculenta_gbif_09.jpeg,GY.ES,Gyromitra esculenta,6182164332,b124e1e0-4755-430f-9eab-894f25a9b59c,https://www.artsobservasjoner.no/MediaLibrary/2026/3/901fc748-46a0-4950-ae7f-1d916a182102_image.jpeg,http://creativecommons.org/licenses/by/4.0/legalcode,,Ida Aalvik,"Klomrekjerr, Arendal, Ag"
GY.ES_Gyromitra_esculenta_gbif_10.jpg,GY.ES,Gyromitra esculenta,6182401755,8a863029-f435-446a-821e-275f4f641165,https://observation.org/photos/146111920.jpg,http://creativecommons.org/licenses/by-nc/4.0/legalcode,Stichting Observation International,User 154783,Nuenen - Refelingse Heide
GA.MA_Ganoderma_applanatum_gbif_01.jpg,GA.MA,Ganoderma applanatum,5938029645,50c9509d-22c7-4a22-a47d-8c48425ef4a7,https://inaturalist-open-data.s3.amazonaws.com/photos/605047788/original.jpg,http://creativecommons.org/licenses/by-nc/4.0/legalcode,daniel_koerbaecher,daniel_koerbaecher,
GA.MA_Ganoderma_applanatum_gbif_02.jpg,GA.MA,Ganoderma applanatum,5938070388,50c9509d-22c7-4a22-a47d-8c48425ef4a7,https://inaturalist-open-data.s3.amazonaws.com/photos/604750241/original.jpg,http://creativecommons.org/licenses/by-nc/4.0/legalcode,Morten Christensen,Morten Christensen,
GA.MA_Ganoderma_applanatum_gbif_03.jpg,GA.MA,Ganoderma applanatum,5938148871,50c9509d-22c7-4a22-a47d-8c48425ef4a7,https://inaturalist-open-data.s3.amazonaws.com/photos/604593005/original.jpg,http://creativecommons.org/licenses/by-nc/4.0/legalcode,Ruth M.,Ruth M.,
GA.MA_Ganoderma_applanatum_gbif_04.jpg,GA.MA,Ganoderma applanatum,5938160286,50c9509d-22c7-4a22-a47d-8c48425ef4a7,https://inaturalist-open-data.s3.amazonaws.com/photos/604657263/original.jpg,http://creativecommons.org/licenses/by-nc/4.0/legalcode,Manequinho Correia,Manequinho Correia,
GA.MA_Ganoderma_applanatum_gbif_05.jpg,GA.MA,Ganoderma applanatum,5938165569,50c9509d-22c7-4a22-a47d-8c48425ef4a7,https://inaturalist-open-data.s3.amazonaws.com/photos/605270406/original.jpg,http://creativecommons.org/licenses/by-nc/4.0/legalcode,shingha4223,shingha4223,
GA.MA_Ganoderma_applanatum_gbif_06.jpg,GA.MA,Ganoderma applanatum,5938389235,50c9509d-22c7-4a22-a47d-8c48425ef4a7,https://inaturalist-open-data.s3.amazonaws.com/photos/604895598/original.jpg,http://creativecommons.org/licenses/by-nc/4.0/legalcode,Robert Russo,Robert Russo,
GA.MA_Ganoderma_applanatum_gbif_07.jpg,GA.MA,Ganoderma applanatum,5938405366,50c9509d-22c7-4a22-a47d-8c48425ef4a7,https://inaturalist-open-data.s3.amazonaws.com/photos/604978201/original.jpg,http://creativecommons.org/licenses/by-nc/4.0/legalcode,tama_king_fisher,tama_king_fisher,
GA.MA_Ganoderma_applanatum_gbif_08.jpg,GA.MA,Ganoderma applanatum,5938483533,50c9509d-22c7-4a22-a47d-8c48425ef4a7,https://inaturalist-open-data.s3.amazonaws.com/photos/604379017/original.jpg,http://creativecommons.org/licenses/by-nc/4.0/legalcode,mc,mc,
GA.MA_Ganoderma_applanatum_gbif_09.jpg,GA.MA,Ganoderma applanatum,5938692786,50c9509d-22c7-4a22-a47d-8c48425ef4a7,https://inaturalist-open-data.s3.amazonaws.com/photos/605323279/original.jpg,http://creativecommons.org/licenses/by-nc/4.0/legalcode,Elina Koivisto,Elina Koivisto,
GA.MA_Ganoderma_applanatum_gbif_10.jpg,GA.MA,Ganoderma applanatum,5938720586,50c9509d-22c7-4a22-a47d-8c48425ef4a7,https://inaturalist-open-data.s3.amazonaws.com/photos/605591589/original.jpg,http://creativecommons.org/licenses/by-nc/4.0/legalcode,Marek Elas,Marek Elas,
HY.RE_Hydnum_repandum_gbif_01.jpg,HY.RE,Hydnum repandum,5938172943,50c9509d-22c7-4a22-a47d-8c48425ef4a7,https://inaturalist-open-data.s3.amazonaws.com/photos/605094669/original.jpg,http://creativecommons.org/licenses/by-nc/4.0/legalcode,estelle_garrouste,estelle_garrouste,
HY.RE_Hydnum_repandum_gbif_02.jpg,HY.RE,Hydnum repandum,5938430298,50c9509d-22c7-4a22-a47d-8c48425ef4a7,https://inaturalist-open-data.s3.amazonaws.com/photos/605445498/original.jpg,http://creativecommons.org/licenses/by-nc/4.0/legalcode,Paulo da Silva,Paulo da Silva,
HY.RE_Hydnum_repandum_gbif_03.jpg,HY.RE,Hydnum repandum,5938567534,50c9509d-22c7-4a22-a47d-8c48425ef4a7,https://inaturalist-open-data.s3.amazonaws.com/photos/605445341/original.jpg,http://creativecommons.org/licenses/by-nc/4.0/legalcode,Paulo da Silva,Paulo da Silva,
HY.RE_Hydnum_repandum_gbif_04.jpg,HY.RE,Hydnum repandum,5938618631,50c9509d-22c7-4a22-a47d-8c48425ef4a7,https://inaturalist-open-data.s3.amazonaws.com/photos/605445391/original.jpg,http://creativecommons.org/licenses/by-nc/4.0/legalcode,Paulo da Silva,Paulo da Silva,
HY.RE_Hydnum_repandum_gbif_05.jpg,HY.RE,Hydnum repandum,6130627729,50c9509d-22c7-4a22-a47d-8c48425ef4a7,https://inaturalist-open-data.s3.amazonaws.com/photos/609651828/original.jpg,http://creativecommons.org/publicdomain/zero/1.0/legalcode,Chuck Wilson,Chuck Wilson,
HY.RE_Hydnum_repandum_gbif_06.jpg,HY.RE,Hydnum repandum,6130770274,50c9509d-22c7-4a22-a47d-8c48425ef4a7,https://inaturalist-open-data.s3.amazonaws.com/photos/610656600/original.jpg,http://creativecommons.org/licenses/by-nc/4.0/legalcode,vega-49,vega-49,
HY.RE_Hydnum_repandum_gbif_07.jpg,HY.RE,Hydnum repandum,6130847073,50c9509d-22c7-4a22-a47d-8c48425ef4a7,https://inaturalist-open-data.s3.amazonaws.com/photos/606704409/original.jpg,http://creativecommons.org/licenses/by/4.0/legalcode,Manuela Fiorini,Manuela Fiorini,
HY.RE_Hydnum_repandum_gbif_08.jpg,HY.RE,Hydnum repandum,6131372634,50c9509d-22c7-4a22-a47d-8c48425ef4a7,https://inaturalist-open-data.s3.amazonaws.com/photos/607788281/original.jpg,http://creativecommons.org/licenses/by-nc/4.0/legalcode,Maria João Martins,Maria João Martins,
CA.TU_Cantharellus_tubaeformis_gbif_01.jpg,CA.TU,Cantharellus tubaeformis,5938045340,50c9509d-22c7-4a22-a47d-8c48425ef4a7,https://inaturalist-open-data.s3.amazonaws.com/photos/605453135/original.jpg,http://creativecommons.org/licenses/by-nc/4.0/legalcode,Leah Zilberman,Leah Zilberman,
CA.TU_Cantharellus_tubaeformis_gbif_02.jpg,CA.TU,Cantharellus tubaeformis,5938112126,50c9509d-22c7-4a22-a47d-8c48425ef4a7,https://inaturalist-open-data.s3.amazonaws.com/photos/605297157/original.jpg,http://creativecommons.org/licenses/by-nc/4.0/legalcode,Dean Lyons,Dean Lyons,
CA.TU_Cantharellus_tubaeformis_gbif_03.jpg,CA.TU,Cantharellus tubaeformis,5938132487,50c9509d-22c7-4a22-a47d-8c48425ef4a7,https://inaturalist-open-data.s3.amazonaws.com/photos/605543754/original.jpg,http://creativecommons.org/licenses/by-nc/4.0/legalcode,Joe Foust,Joe Foust,
CA.TU_Cantharellus_tubaeformis_gbif_04.jpg,CA.TU,Cantharellus tubaeformis,5938133884,50c9509d-22c7-4a22-a47d-8c48425ef4a7,https://inaturalist-open-data.s3.amazonaws.com/photos/605286901/original.jpg,http://creativecommons.org/licenses/by-nc/4.0/legalcode,Hunter Hill,Hunter Hill,
CA.TU_Cantharellus_tubaeformis_gbif_05.jpg,CA.TU,Cantharellus tubaeformis,5938145740,50c9509d-22c7-4a22-a47d-8c48425ef4a7,https://inaturalist-open-data.s3.amazonaws.com/photos/605117637/original.jpg,http://creativecommons.org/licenses/by-nc/4.0/legalcode,Paulo da Silva,Paulo da Silva,
CA.TU_Cantharellus_tubaeformis_gbif_06.jpg,CA.TU,Cantharellus tubaeformis,5938151291,50c9509d-22c7-4a22-a47d-8c48425ef4a7,https://inaturalist-open-data.s3.amazonaws.com/photos/604947293/original.jpg,http://creativecommons.org/licenses/by-nc/4.0/legalcode,awical,awical,
CA.TU_Cantharellus_tubaeformis_gbif_07.jpg,CA.TU,Cantharellus tubaeformis,5938195526,50c9509d-22c7-4a22-a47d-8c48425ef4a7,https://inaturalist-open-data.s3.amazonaws.com/photos/605302943/original.jpg,http://creativecommons.org/licenses/by-nc/4.0/legalcode,Leah Zilberman,Leah Zilberman,
CA.TU_Cantharellus_tubaeformis_gbif_08.jpg,CA.TU,Cantharellus tubaeformis,5938196994,50c9509d-22c7-4a22-a47d-8c48425ef4a7,https://inaturalist-open-data.s3.amazonaws.com/photos/604699804/original.jpg,http://creativecommons.org/licenses/by-nc/4.0/legalcode,nemophilist_tendencies,nemophilist_tendencies,
AM.MU_Amanita_muscaria_gbif_01.jpg,AM.MU,Amanita muscaria,5938167094,50c9509d-22c7-4a22-a47d-8c48425ef4a7,https://inaturalist-open-data.s3.amazonaws.com/photos/605301896/original.jpg,http://creativecommons.org/licenses/by-nc/4.0/legalcode,brando_c,brando_c,
AM.MU_Amanita_muscaria_gbif_03.jpg,AM.MU,Amanita muscaria,5938168756,50c9509d-22c7-4a22-a47d-8c48425ef4a7,https://inaturalist-open-data.s3.amazonaws.com/photos/604685510/original.jpg,http://creativecommons.org/licenses/by-nc/4.0/legalcode,spiderandspice,spiderandspice,
AM.MU_Amanita_muscaria_gbif_05.jpg,AM.MU,Amanita muscaria,5938172686,50c9509d-22c7-4a22-a47d-8c48425ef4a7,https://inaturalist-open-data.s3.amazonaws.com/photos/605283971/original.jpg,http://creativecommons.org/licenses/by-nc/4.0/legalcode,Mickey,Mickey,
AM.MU_Amanita_muscaria_gbif_07.jpg,AM.MU,Amanita muscaria,5938181677,50c9509d-22c7-4a22-a47d-8c48425ef4a7,https://inaturalist-open-data.s3.amazonaws.com/photos/604988987/original.jpg,http://creativecommons.org/licenses/by-nc/4.0/legalcode,Amanda Arnesson,Amanda Arnesson,
AM.MU_Amanita_muscaria_gbif_09.jpg,AM.MU,Amanita muscaria,5938187732,50c9509d-22c7-4a22-a47d-8c48425ef4a7,https://inaturalist-open-data.s3.amazonaws.com/photos/605571458/original.jpg,http://creativecommons.org/licenses/by-nc/4.0/legalcode,Yaeko Long,Yaeko Long,
AM.MU_Amanita_muscaria_gbif_11.jpg,AM.MU,Amanita muscaria,5938191795,50c9509d-22c7-4a22-a47d-8c48425ef4a7,https://inaturalist-open-data.s3.amazonaws.com/photos/604910999/original.jpg,http://creativecommons.org/licenses/by-nc/4.0/legalcode,olwenmeritt,olwenmeritt,
AM.MU_Amanita_muscaria_gbif_13.jpg,AM.MU,Amanita muscaria,5938198347,50c9509d-22c7-4a22-a47d-8c48425ef4a7,https://inaturalist-open-data.s3.amazonaws.com/photos/604837360/original.jpg,http://creativecommons.org/licenses/by-nc/4.0/legalcode,cwlonie6626,cwlonie6626,
AM.MU_Amanita_muscaria_gbif_15.jpg,AM.MU,Amanita muscaria,5938203811,50c9509d-22c7-4a22-a47d-8c48425ef4a7,https://inaturalist-open-data.s3.amazonaws.com/photos/604889772/original.jpg,http://creativecommons.org/licenses/by-nc/4.0/legalcode,KimberlySteinmann,KimberlySteinmann,
AM.MU_Amanita_muscaria_gbif_17.jpg,AM.MU,Amanita muscaria,5938227905,50c9509d-22c7-4a22-a47d-8c48425ef4a7,https://inaturalist-open-data.s3.amazonaws.com/photos/604886499/original.jpg,http://creativecommons.org/licenses/by-nc/4.0/legalcode,mycotajohn,mycotajohn,
AM.MU_Amanita_muscaria_gbif_19.jpg,AM.MU,Amanita muscaria,5938233637,50c9509d-22c7-4a22-a47d-8c48425ef4a7,https://inaturalist-open-data.s3.amazonaws.com/photos/604535708/original.jpg,http://creativecommons.org/publicdomain/zero/1.0/legalcode,GMarques,GMarques,
AM.VI_Amanita_virosa_gbif_01.jpg,AM.VI,Amanita virosa,5287776555,b124e1e0-4755-430f-9eab-894f25a9b59c,https://www.artsobservasjoner.no/MediaLibrary/2025/8/478abeaa-69e4-4d78-861b-2b63f9fe6c21_image.jpg,http://creativecommons.org/licenses/by/4.0/legalcode,,John Simonsen,"Sandåker, Østre Toten, In"
AM.VI_Amanita_virosa_gbif_03.jpeg,AM.VI,Amanita virosa,5287776955,b124e1e0-4755-430f-9eab-894f25a9b59c,https://www.artsobservasjoner.no/MediaLibrary/2025/8/477c3e0c-b052-4b34-8d74-37f24795a4dc_image.jpeg,http://creativecommons.org/licenses/by/4.0/legalcode,,Jonas Heggedal,"Lybekkbråtan, Nannestad, Ak"
AM.VI_Amanita_virosa_gbif_05.jpg,AM.VI,Amanita virosa,5287788865,b124e1e0-4755-430f-9eab-894f25a9b59c,https://www.artsobservasjoner.no/MediaLibrary/2025/8/cb66ddaa-0bd4-474c-b087-0480a20cc6ec_image.jpg,http://creativecommons.org/licenses/by/4.0/legalcode,,Per Buertange|Steinar Pedersen,"Trøgstad fort OS, Trøgstad fort, Indre Østfold, Øs"
AM.VI_Amanita_virosa_gbif_07.jpg,AM.VI,Amanita virosa,5287809303,b124e1e0-4755-430f-9eab-894f25a9b59c,https://www.artsobservasjoner.no/MediaLibrary/2025/8/e14a1191-bced-4018-bf9c-83a181ee6193_image.jpg,http://creativecommons.org/licenses/by/4.0/legalcode,,Tessa Frenay,"Lurkevannsmosen, Halden, Øs"
AM.VI_Amanita_virosa_gbif_09.jpg,AM.VI,Amanita virosa,5287882591,8a863029-f435-446a-821e-275f4f641165,https://observation.org/photos/131747054.jpg,http://creativecommons.org/licenses/by-nc/4.0/legalcode,Stichting Observation International,User 926791,Bø
AM.VI_Amanita_virosa_gbif_11.jpg,AM.VI,Amanita virosa,5287897153,8a863029-f435-446a-821e-275f4f641165,https://observation.org/photos/132293423.jpg,http://creativecommons.org/licenses/by-nc/4.0/legalcode,Stichting Observation International,User 1130782,Storfors
AM.VI_Amanita_virosa_gbif_13.jpg,AM.VI,Amanita virosa,5287929278,8a863029-f435-446a-821e-275f4f641165,https://observation.org/photos/132572672.jpg,http://creativecommons.org/licenses/by-nc/4.0/legalcode,Stichting Observation International,User 792555,Arvika
AM.VI_Amanita_virosa_gbif_15.jpg,AM.VI,Amanita virosa,5287935847,8a863029-f435-446a-821e-275f4f641165,https://observation.org/photos/132213612.jpg,http://creativecommons.org/licenses/by-nc/4.0/legalcode,Stichting Observation International,User 264682,Arvika
BO.BA_Imleria_badia_gbif_01.jpg,BO.BA,Imleria badia,5237798486,50c9509d-22c7-4a22-a47d-8c48425ef4a7,https://inaturalist-open-data.s3.amazonaws.com/photos/521277227/original.jpg,http://creativecommons.org/licenses/by-nc/4.0/legalcode,poantis,poantis,
BO.BA_Imleria_badia_gbif_03.jpg,BO.BA,Imleria badia,5282582493,50c9509d-22c7-4a22-a47d-8c48425ef4a7,https://inaturalist-open-data.s3.amazonaws.com/photos/526987992/original.jpg,http://creativecommons.org/licenses/by-nc/4.0/legalcode,Marina Pjankova,Marina Pjankova,
BO.BA_Imleria_badia_gbif_05.jpg,BO.BA,Imleria badia,5292763303,50c9509d-22c7-4a22-a47d-8c48425ef4a7,https://inaturalist-open-data.s3.amazonaws.com/photos/521863433/original.jpg,http://creativecommons.org/licenses/by-nc/4.0/legalcode,gabymeyer,gabymeyer,
BO.BA_Imleria_badia_gbif_07.jpg,BO.BA,Imleria badia,5892502199,50c9509d-22c7-4a22-a47d-8c48425ef4a7,https://inaturalist-open-data.s3.amazonaws.com/photos/525615411/original.jpg,http://creativecommons.org/licenses/by-nc/4.0/legalcode,Christine Gagnon,Christine Gagnon,
BO.BA_Imleria_badia_gbif_09.jpg,BO.BA,Imleria badia,5892820475,50c9509d-22c7-4a22-a47d-8c48425ef4a7,https://inaturalist-open-data.s3.amazonaws.com/photos/520339887/original.jpg,http://creativecommons.org/licenses/by-nc/4.0/legalcode,jeanelz,jeanelz,
BO.BA_Imleria_badia_gbif_11.jpg,BO.BA,Imleria badia,5216215481,50c9509d-22c7-4a22-a47d-8c48425ef4a7,https://inaturalist-open-data.s3.amazonaws.com/photos/530637557/original.jpg,http://creativecommons.org/licenses/by/4.0/legalcode,juniperus_com,juniperus_com,
BO.BA_Imleria_badia_gbif_13.jpg,BO.BA,Imleria badia,5216311427,50c9509d-22c7-4a22-a47d-8c48425ef4a7,https://inaturalist-open-data.s3.amazonaws.com/photos/530653078/original.jpg,http://creativecommons.org/licenses/by-nc/4.0/legalcode,Puzankov Aleksei,Puzankov Aleksei,
BO.BA_Imleria_badia_gbif_15.jpg,BO.BA,Imleria badia,5216936886,50c9509d-22c7-4a22-a47d-8c48425ef4a7,https://inaturalist-open-data.s3.amazonaws.com/photos/532205846/original.jpg,http://creativecommons.org/licenses/by/4.0/legalcode,victor laborde,victor laborde,
BO.ED_Boletus_edulis_gbif_01.jpg,BO.ED,Boletus edulis,6147240552,50c9509d-22c7-4a22-a47d-8c48425ef4a7,https://inaturalist-open-data.s3.amazonaws.com/photos/614070551/original.jpg,http://creativecommons.org/licenses/by-nc/4.0/legalcode,Chris Close,Chris Close,
BO.ED_Boletus_edulis_gbif_03.jpg,BO.ED,Boletus edulis,6147240555,50c9509d-22c7-4a22-a47d-8c48425ef4a7,https://inaturalist-open-data.s3.amazonaws.com/photos/614077069/original.jpg,http://creativecommons.org/licenses/by-nc/4.0/legalcode,zbird93,zbird93,
BO.ED_Boletus_edulis_gbif_05.jpg,BO.ED,Boletus edulis,6147260546,50c9509d-22c7-4a22-a47d-8c48425ef4a7,https://inaturalist-open-data.s3.amazonaws.com/photos/613570583/original.jpg,http://creativecommons.org/licenses/by-nc/4.0/legalcode,Jason Reid,Jason Reid,
BO.ED_Boletus_edulis_gbif_07.jpg,BO.ED,Boletus edulis,6147310563,50c9509d-22c7-4a22-a47d-8c48425ef4a7,https://inaturalist-open-data.s3.amazonaws.com/photos/613512642/original.jpg,http://creativecommons.org/licenses/by-nc/4.0/legalcode,Maki,Maki,
BO.ED_Boletus_edulis_gbif_09.jpg,BO.ED,Boletus edulis,6147316848,50c9509d-22c7-4a22-a47d-8c48425ef4a7,https://inaturalist-open-data.s3.amazonaws.com/photos/613336516/original.jpg,http://creativecommons.org/licenses/by/4.0/legalcode,Christopher Hynes,Christopher Hynes,
BO.ED_Boletus_edulis_gbif_11.jpg,BO.ED,Boletus edulis,6147376363,50c9509d-22c7-4a22-a47d-8c48425ef4a7,https://inaturalist-open-data.s3.amazonaws.com/photos/613349839/original.jpg,http://creativecommons.org/licenses/by-nc/4.0/legalcode,jthingsfoundwalking,jthingsfoundwalking,
BO.ED_Boletus_edulis_gbif_13.jpg,BO.ED,Boletus edulis,6147401818,50c9509d-22c7-4a22-a47d-8c48425ef4a7,https://inaturalist-open-data.s3.amazonaws.com/photos/614553998/original.jpg,http://creativecommons.org/licenses/by-nc/4.0/legalcode,k_hill,k_hill,
BO.ED_Boletus_edulis_gbif_15.jpg,BO.ED,Boletus edulis,6147401954,50c9509d-22c7-4a22-a47d-8c48425ef4a7,https://inaturalist-open-data.s3.amazonaws.com/photos/613951320/original.jpg,http://creativecommons.org/licenses/by-nc/4.0/legalcode,Maki,Maki,
CA.CI_Cantharellus_cibarius_gbif_01.jpg,CA.CI,Cantharellus cibarius,5036710020,50c9509d-22c7-4a22-a47d-8c48425ef4a7,https://inaturalist-open-data.s3.amazonaws.com/photos/460960355/original.jpg,http://creativecommons.org/licenses/by/4.0/legalcode,Andrejus Gaidamavičius,Andrejus Gaidamavičius,
CA.CI_Cantharellus_cibarius_gbif_03.jpeg,CA.CI,Cantharellus cibarius,5036908483,50c9509d-22c7-4a22-a47d-8c48425ef4a7,https://inaturalist-open-data.s3.amazonaws.com/photos/463065385/original.jpeg,http://creativecommons.org/licenses/by-nc/4.0/legalcode,Piotr Kobierski,Piotr Kobierski,
CA.CI_Cantharellus_cibarius_gbif_05.jpg,CA.CI,Cantharellus cibarius,5037198707,50c9509d-22c7-4a22-a47d-8c48425ef4a7,https://inaturalist-open-data.s3.amazonaws.com/photos/462945006/original.jpg,http://creativecommons.org/licenses/by-nc/4.0/legalcode,Irmantas Šalaševičius,Irmantas Šalaševičius,
CA.CI_Cantharellus_cibarius_gbif_07.jpg,CA.CI,Cantharellus cibarius,5051271031,8a863029-f435-446a-821e-275f4f641165,https://observation.org/photos/110124102.jpg,http://creativecommons.org/licenses/by-nc/4.0/legalcode,Stichting Observation International,User 1048891,Borkeld - N2000
CA.CI_Cantharellus_cibarius_gbif_09.jpg,CA.CI,Cantharellus cibarius,5051283525,8a863029-f435-446a-821e-275f4f641165,https://observation.org/photos/110191769.jpg,http://creativecommons.org/licenses/by-nc/4.0/legalcode,Stichting Observation International,User 310089,Harderwijk - Beekhuizerzand
CA.CI_Cantharellus_cibarius_gbif_11.jpg,CA.CI,Cantharellus cibarius,5051328181,8a863029-f435-446a-821e-275f4f641165,https://observation.org/photos/110125193.jpg,http://creativecommons.org/licenses/by-nc/4.0/legalcode,Stichting Observation International,User 1057982,Kootwijk - Loobosch
LA.HE_Lactarius_helvus_gbif_01.jpg,LA.HE,Lactarius helvus,5759834920,50c9509d-22c7-4a22-a47d-8c48425ef4a7,https://inaturalist-open-data.s3.amazonaws.com/photos/556875281/original.jpg,http://creativecommons.org/licenses/by-nc/4.0/legalcode,Алексей Афонин,Алексей Афонин,
LA.HE_Lactarius_helvus_gbif_03.jpg,LA.HE,Lactarius helvus,5760159082,50c9509d-22c7-4a22-a47d-8c48425ef4a7,https://inaturalist-open-data.s3.amazonaws.com/photos/559753006/original.jpg,http://creativecommons.org/licenses/by-nc/4.0/legalcode,Juha Kinnunen,Juha Kinnunen,
LA.HE_Lactarius_helvus_gbif_05.jpg,LA.HE,Lactarius helvus,5760228089,50c9509d-22c7-4a22-a47d-8c48425ef4a7,https://inaturalist-open-data.s3.amazonaws.com/photos/554366652/original.jpg,http://creativecommons.org/licenses/by-nc/4.0/legalcode,Filip Fuljer,Filip Fuljer,
LA.HE_Lactarius_helvus_gbif_07.jpg,LA.HE,Lactarius helvus,5760374867,50c9509d-22c7-4a22-a47d-8c48425ef4a7,https://inaturalist-open-data.s3.amazonaws.com/photos/554576853/original.jpg,http://creativecommons.org/licenses/by-nc/4.0/legalcode,lavoiedom,lavoiedom,
LA.HE_Lactarius_helvus_gbif_09.jpg,LA.HE,Lactarius helvus,5760520238,50c9509d-22c7-4a22-a47d-8c48425ef4a7,https://inaturalist-open-data.s3.amazonaws.com/photos/561126921/original.jpg,http://creativecommons.org/licenses/by-nc/4.0/legalcode,pampelun,pampelun,
LA.HE_Lactarius_helvus_gbif_11.jpg,LA.HE,Lactarius helvus,5760582903,50c9509d-22c7-4a22-a47d-8c48425ef4a7,https://inaturalist-open-data.s3.amazonaws.com/photos/559888795/original.jpg,http://creativecommons.org/licenses/by-nc/4.0/legalcode,zorrro,zorrro,
RU.BA_Russula_badia_gbif_01.jpg,RU.BA,Russula badia,4925427801,b124e1e0-4755-430f-9eab-894f25a9b59c,https://www.artsobservasjoner.no/MediaLibrary/2024/8/9b28603c-e263-4d65-9c52-f0572481f5d2_image.jpg,http://creativecommons.org/licenses/by/4.0/legalcode,,Nina Fiskerstrand|Anne Marie Hareide,"Sjodalsvegen, Vågå, In"
RU.BA_Russula_badia_gbif_03.jpg,RU.BA,Russula badia,4940915542,84d26682-f762-11e1-a439-00145eb45e9a,https://svampe.databasen.org/uploads/2024-10450345_BJgD5pdeTR.JPG,http://creativecommons.org/licenses/by-nc/4.0/legalcode,,Kirsten Bjørnsson,Koltse Järv
RU.BA_Russula_badia_gbif_05.jpg,RU.BA,Russula badia,4940919617,84d26682-f762-11e1-a439-00145eb45e9a,https://svampe.databasen.org/uploads/2024-10449613_B1ubADhh0.JPG,http://creativecommons.org/licenses/by-nc/4.0/legalcode,,Kirsten Bjørnsson,Linnuse küla
RU.BA_Russula_badia_gbif_07.jpg,RU.BA,Russula badia,4940923869,84d26682-f762-11e1-a439-00145eb45e9a,https://svampe.databasen.org/uploads/2024-10450130_H1BWJXyTR.JPG,http://creativecommons.org/licenses/by-nc/4.0/legalcode,,Ole Sparre Pedersen,Koltse Järv
RU.BA_Russula_badia_gbif_09.jpg,RU.BA,Russula badia,4948255902,b124e1e0-4755-430f-9eab-894f25a9b59c,https://www.artsobservasjoner.no/MediaLibrary/2024/9/50f71cea-07a2-4823-8bed-9baa4a1b1a14_image.jpg,http://creativecommons.org/licenses/by/4.0/legalcode,,Lene Gjelsvik|Elisabeth Bråten Fjeld|Nina Fiskerstrand|Anne Marie Hareide,"Valldal - Syltemoa, Fjord, Mr"
RU.BA_Russula_badia_gbif_11.jpg,RU.BA,Russula badia,4948256416,b124e1e0-4755-430f-9eab-894f25a9b59c,https://www.artsobservasjoner.no/MediaLibrary/2024/9/00bf3039-b206-4bcf-b8cd-0d60c4d4b452_image.jpg,http://creativecommons.org/licenses/by/4.0/legalcode,,Svein Olav B. Drangeid,"Arnestad, Asker, Ak"
