filename,group,annotation_instruction,species_id,scientific_name,gbif_occurrence_key,media_url,license,rights_holder,creator,identified_by,event_date,country,locality,gbif_url,source_path
coral_RA.BO_Ramaria_botrytis_5898621396.jpg,coral,Annotate visible coral fruiting body as Coral; no Cap/Stem/Underside unless clearly separate.,RA.BO,Ramaria botrytis,5898621396,https://svampe.databasen.org/uploads/2025-10528030_H1HjYFTtlx.JPG,http://creativecommons.org/licenses/by-nc/4.0/legalcode,emil christensen,emil christensen,emil christensen,2025-08-28,Denmark,Dronning Dagmars Kilde,https://www.gbif.org/occurrence/5898621396,
coral_RA.BO_Ramaria_botrytis_5898622408.jpg,coral,Annotate visible coral fruiting body as Coral; no Cap/Stem/Underside unless clearly separate.,RA.BO,Ramaria botrytis,5898622408,https://svampe.databasen.org/uploads/2025-10524883_ryAr4V9ugg.JPG,http://creativecommons.org/licenses/by-nc/4.0/legalcode,Hans Harald,Hans Harald,Hans Harald,2025-08-13,Denmark,Munkebjerg,https://www.gbif.org/occurrence/5898622408,
coral_RA.BO_Ramaria_botrytis_5898665581.jpg,coral,Annotate visible coral fruiting body as Coral; no Cap/Stem/Underside unless clearly separate.,RA.BO,Ramaria botrytis,5898665581,https://svampe.databasen.org/uploads/2025-10523342_Hy33p6Vdxe.JPG,http://creativecommons.org/licenses/by-nc/4.0/legalcode,Torbjørn Borgen,Torbjørn Borgen,Mona Rasmussen,2025-08-07,Denmark,Munkholm Skov (Mariager Lystskov),https://www.gbif.org/occurrence/5898665581,
coral_RA.BO_Ramaria_botrytis_5898671282.jpg,coral,Annotate visible coral fruiting body as Coral; no Cap/Stem/Underside unless clearly separate.,RA.BO,Ramaria botrytis,5898671282,https://svampe.databasen.org/uploads/2025-10528974_HyfsR9Mqex.JPG,http://creativecommons.org/licenses/by-nc/4.0/legalcode,Poul Evald Hansen,Poul Evald Hansen,Poul Evald Hansen,2025-08-31,Denmark,"Gribskov, Hvidekilde",https://www.gbif.org/occurrence/5898671282,
coral_RA.BO_Ramaria_botrytis_5898645194.jpg,coral,Annotate visible coral fruiting body as Coral; no Cap/Stem/Underside unless clearly separate.,RA.BO,Ramaria botrytis,5898645194,https://svampe.databasen.org/uploads/2025-10530883_HkyQl5n5el.JPG,http://creativecommons.org/licenses/by-nc/4.0/legalcode,Rita Forup,Rita Forup,Rita Forup,2025-09-08,Denmark,Tromnæs,https://www.gbif.org/occurrence/5898645194,
coral_RA.BO_Ramaria_botrytis_5898648058.jpg,coral,Annotate visible coral fruiting body as Coral; no Cap/Stem/Underside unless clearly separate.,RA.BO,Ramaria botrytis,5898648058,https://svampe.databasen.org/uploads/2025-10539614_r1aAZPV3lg.JPG,http://creativecommons.org/licenses/by-nc/4.0/legalcode,Morten Strandberg,Morten Strandberg,Morten Strandberg,2025-09-26,Denmark,"Indelukket, Silkeborg (Remstrup Å)",https://www.gbif.org/occurrence/5898648058,
coral_RA.BO_Ramaria_botrytis_5898655380.jpg,coral,Annotate visible coral fruiting body as Coral; no Cap/Stem/Underside unless clearly separate.,RA.BO,Ramaria botrytis,5898655380,https://svampe.databasen.org/uploads/2025-10534343_B1QID8Dsgx.JPG,http://creativecommons.org/licenses/by-nc/4.0/legalcode,Jacob Schmidt,Jacob Schmidt,Jacob Schmidt,2025-09-16,Denmark,"Hornbæk Plantage, Nordsjælland",https://www.gbif.org/occurrence/5898655380,
coral_RA.BO_Ramaria_botrytis_5898659561.jpg,coral,Annotate visible coral fruiting body as Coral; no Cap/Stem/Underside unless clearly separate.,RA.BO,Ramaria botrytis,5898659561,https://svampe.databasen.org/uploads/2025-10533196_BkWjXMVjxl.JPG,http://creativecommons.org/licenses/by-nc/4.0/legalcode,Bente Neerbek,Bente Neerbek,Bente Neerbek,2025-09-14,Denmark,"Gribskov, Hvidekilde",https://www.gbif.org/occurrence/5898659561,
coral_RA.BO_Ramaria_botrytis_5898622027.jpg,coral,Annotate visible coral fruiting body as Coral; no Cap/Stem/Underside unless clearly separate.,RA.BO,Ramaria botrytis,5898622027,https://svampe.databasen.org/uploads/2025-10547466_HkCaPlv6gg.JPG,http://creativecommons.org/licenses/by-nc/4.0/legalcode,Ole Martin,Ole Martin,Ole Martin,2025-10-10,Denmark,Teglstrup Hegn,https://www.gbif.org/occurrence/5898622027,
coral_RA.BO_Ramaria_botrytis_4940914092.jpg,coral,Annotate visible coral fruiting body as Coral; no Cap/Stem/Underside unless clearly separate.,RA.BO,Ramaria botrytis,4940914092,https://svampe.databasen.org/uploads/2024-10445503_Bkes3i6diA.JPG,http://creativecommons.org/licenses/by-nc/4.0/legalcode,Jakob S.M Raarup,Jakob S.M Raarup,Jakob S.M Raarup,2024-08-25,Denmark,"Gribskov, Hvidekilde",https://www.gbif.org/occurrence/4940914092,
coral_RA.BO_Ramaria_botrytis_4940918275.jpg,coral,Annotate visible coral fruiting body as Coral; no Cap/Stem/Underside unless clearly separate.,RA.BO,Ramaria botrytis,4940918275,https://svampe.databasen.org/uploads/2024-10445694_H1M0sdTKi0.JPG,http://creativecommons.org/licenses/by-nc/4.0/legalcode,Ole Martin,Ole Martin,Ole Martin,2024-08-25,Denmark,Teglstrup Hegn,https://www.gbif.org/occurrence/4940918275,
coral_RA.BO_Ramaria_botrytis_4940927780.jpg,coral,Annotate visible coral fruiting body as Coral; no Cap/Stem/Underside unless clearly separate.,RA.BO,Ramaria botrytis,4940927780,https://svampe.databasen.org/uploads/2024-10447397_Hkg4T-WhR.JPG,http://creativecommons.org/licenses/by-nc/4.0/legalcode,Mie Trier,Mie Trier,Torbjørn Borgen,2024-08-31,Denmark,"Gribskov, Hvidekilde",https://www.gbif.org/occurrence/4940927780,
coral_RA.BO_Ramaria_botrytis_4940909065.jpg,coral,Annotate visible coral fruiting body as Coral; no Cap/Stem/Underside unless clearly separate.,RA.BO,Ramaria botrytis,4940909065,https://svampe.databasen.org/uploads/2024-10447785_HJq-IeQhC.JPG,http://creativecommons.org/licenses/by-nc/4.0/legalcode,Bo Valeur,Bo Valeur,Bo Valeur,2024-09-02,Denmark,Aldershvile Slotspark,https://www.gbif.org/occurrence/4940909065,
coral_RA.BO_Ramaria_botrytis_4940915617.jpg,coral,Annotate visible coral fruiting body as Coral; no Cap/Stem/Underside unless clearly separate.,RA.BO,Ramaria botrytis,4940915617,https://svampe.databasen.org/uploads/2024-10451227_ByxtB3fETR.JPG,http://creativecommons.org/licenses/by-nc/4.0/legalcode,Ole Martin,Ole Martin,Ole Martin,2024-09-14,Denmark,"Gribskov, Hvidekilde",https://www.gbif.org/occurrence/4940915617,
coral_RA.BO_Ramaria_botrytis_4940918803.jpg,coral,Annotate visible coral fruiting body as Coral; no Cap/Stem/Underside unless clearly separate.,RA.BO,Ramaria botrytis,4940918803,https://svampe.databasen.org/uploads/2024-10451345_H1D0XPE60.JPG,http://creativecommons.org/licenses/by-nc/4.0/legalcode,Ole Bidstrup,Ole Bidstrup,Ole Bidstrup,2024-09-13,Denmark,Ganløse Ore,https://www.gbif.org/occurrence/4940918803,
coral_RA.BO_Ramaria_botrytis_4940922986.jpg,coral,Annotate visible coral fruiting body as Coral; no Cap/Stem/Underside unless clearly separate.,RA.BO,Ramaria botrytis,4940922986,https://svampe.databasen.org/uploads/2024-10451549_rJR929VTA.JPG,http://creativecommons.org/licenses/by-nc/4.0/legalcode,Ole Jeppesen,Ole Jeppesen,Ole Jeppesen,2024-09-15,Denmark,Tokkekøb Hegn,https://www.gbif.org/occurrence/4940922986,
coral_RA.BO_Ramaria_botrytis_5052256696.jpg,coral,Annotate visible coral fruiting body as Coral; no Cap/Stem/Underside unless clearly separate.,RA.BO,Ramaria botrytis,5052256696,https://svampe.databasen.org/uploads/2024-10454488_By3oEJJCA.JPG,http://creativecommons.org/licenses/by-nc/4.0/legalcode,Morten Larsen,Morten Larsen,Morten Larsen,2024-09-23,Denmark,"Indelukket, Silkeborg (Remstrup Å)",https://www.gbif.org/occurrence/5052256696,
coral_RA.BO_Ramaria_botrytis_5052279312.jpg,coral,Annotate visible coral fruiting body as Coral; no Cap/Stem/Underside unless clearly separate.,RA.BO,Ramaria botrytis,5052279312,https://svampe.databasen.org/uploads/2024-10452632_ryxwgnYpC.JPG,http://creativecommons.org/licenses/by-nc/4.0/legalcode,Morten Strandberg,Morten Strandberg,Morten Strandberg,2024-09-19,Denmark,"Indelukket, Silkeborg (Remstrup Å)",https://www.gbif.org/occurrence/5052279312,
coral_RA.BO_Ramaria_botrytis_4465861028.jpg,coral,Annotate visible coral fruiting body as Coral; no Cap/Stem/Underside unless clearly separate.,RA.BO,Ramaria botrytis,4465861028,https://svampe.databasen.org/uploads/2023-10371676_B13lz3J62.JPG,http://creativecommons.org/licenses/by-nc/4.0/legalcode,Ulla M Konnerup,Ulla M Konnerup,Ulla M Konnerup,2023-08-20,Denmark,Hareskovby,https://www.gbif.org/occurrence/4465861028,
coral_RA.BO_Ramaria_botrytis_4465861118.jpg,coral,Annotate visible coral fruiting body as Coral; no Cap/Stem/Underside unless clearly separate.,RA.BO,Ramaria botrytis,4465861118,https://svampe.databasen.org/uploads/2023-10372585_Hy7vJ4Gpn.JPG,http://creativecommons.org/licenses/by-nc/4.0/legalcode,Lars Danielsen,Lars Danielsen,Lars Danielsen,2023-08-22,Denmark,Tolne Bakker,https://www.gbif.org/occurrence/4465861118,
coral_RA.BO_Ramaria_botrytis_4465861251.jpg,coral,Annotate visible coral fruiting body as Coral; no Cap/Stem/Underside unless clearly separate.,RA.BO,Ramaria botrytis,4465861251,https://svampe.databasen.org/uploads/2023-10373953_SJ6SVYUa2.JPG,http://creativecommons.org/licenses/by-nc/4.0/legalcode,Anna Thormann,Anna Thormann,Anna Thormann,2023-08-25,Denmark,Bondedammen,https://www.gbif.org/occurrence/4465861251,
coral_RA.BO_Ramaria_botrytis_4465862206.jpg,coral,Annotate visible coral fruiting body as Coral; no Cap/Stem/Underside unless clearly separate.,RA.BO,Ramaria botrytis,4465862206,https://svampe.databasen.org/uploads/2023-10373451_rk50PxBah.JPG,http://creativecommons.org/licenses/by-nc/4.0/legalcode,Klaus Baltsersen,Klaus Baltsersen,Klaus Baltsersen,2023-08-24,Denmark,"Gribskov, Hvidekilde",https://www.gbif.org/occurrence/4465862206,
coral_RA.BO_Ramaria_botrytis_4465862287.jpg,coral,Annotate visible coral fruiting body as Coral; no Cap/Stem/Underside unless clearly separate.,RA.BO,Ramaria botrytis,4465862287,https://svampe.databasen.org/uploads/2023-10374315_Bygv9YTv63.JPG,http://creativecommons.org/licenses/by-nc/4.0/legalcode,Jan Frederiksen,Jan Frederiksen,Jan Frederiksen,2023-08-26,Denmark,Vejlø Skov,https://www.gbif.org/occurrence/4465862287,
coral_RA.BO_Ramaria_botrytis_4465862939.jpg,coral,Annotate visible coral fruiting body as Coral; no Cap/Stem/Underside unless clearly separate.,RA.BO,Ramaria botrytis,4465862939,https://svampe.databasen.org/uploads/2023-10370560_Syv6Qx633.JPG,http://creativecommons.org/licenses/by-nc/4.0/legalcode,Thomas Kehlet,Thomas Kehlet,Thomas Kehlet,2023-08-18,Denmark,Aldershvile Slotspark,https://www.gbif.org/occurrence/4465862939,
coral_RA.BO_Ramaria_botrytis_4465863275.jpg,coral,Annotate visible coral fruiting body as Coral; no Cap/Stem/Underside unless clearly separate.,RA.BO,Ramaria botrytis,4465863275,https://svampe.databasen.org/uploads/2023-10374007_B1VYSNw63.JPG,http://creativecommons.org/licenses/by-nc/4.0/legalcode,Jakob Sar,Jakob Sar,Jakob Sar,2023-08-25,Denmark,"Gribskov, Kagerup Station",https://www.gbif.org/occurrence/4465863275,
coral_RA.PA_Ramaria_pallida_5898618443.jpg,coral,Annotate visible coral fruiting body as Coral; no Cap/Stem/Underside unless clearly separate.,RA.PA,Ramaria pallida,5898618443,https://svampe.databasen.org/uploads/2025-10536844_B1hfcL6jee.JPG,http://creativecommons.org/licenses/by-nc/4.0/legalcode,Søren Rytter Boeriis,Søren Rytter Boeriis,Søren Rytter Boeriis,2025-09-21,Denmark,Trelde Vesterskov,https://www.gbif.org/occurrence/5898618443,
coral_RA.PA_Ramaria_pallida_5898638890.jpg,coral,Annotate visible coral fruiting body as Coral; no Cap/Stem/Underside unless clearly separate.,RA.PA,Ramaria pallida,5898638890,https://svampe.databasen.org/uploads/2025-10531600_ByLrJ-lige.JPG,http://creativecommons.org/licenses/by-nc/4.0/legalcode,Jacob Schmidt,Jacob Schmidt,Thomas Læssøe,2025-09-10,Denmark,Teglstrup Hegn,https://www.gbif.org/occurrence/5898638890,
coral_RA.PA_Ramaria_pallida_5898649211.jpg,coral,Annotate visible coral fruiting body as Coral; no Cap/Stem/Underside unless clearly separate.,RA.PA,Ramaria pallida,5898649211,https://svampe.databasen.org/uploads/2025-10537340_H1MPal0iex.JPG,http://creativecommons.org/licenses/by-nc/4.0/legalcode,Erik Arnfred Thomsen,Erik Arnfred Thomsen,Erik Arnfred Thomsen,2025-09-21,Denmark,Trelde Vesterskov,https://www.gbif.org/occurrence/5898649211,
coral_RA.PA_Ramaria_pallida_5898671856.jpg,coral,Annotate visible coral fruiting body as Coral; no Cap/Stem/Underside unless clearly separate.,RA.PA,Ramaria pallida,5898671856,https://svampe.databasen.org/uploads/2025-10531596_HyJh0egoge.JPG,http://creativecommons.org/licenses/by-nc/4.0/legalcode,Jacob Schmidt,Jacob Schmidt,Jacob Schmidt,2025-09-10,Denmark,Teglstrup Hegn,https://www.gbif.org/occurrence/5898671856,
coral_RA.PA_Ramaria_pallida_5898673281.jpg,coral,Annotate visible coral fruiting body as Coral; no Cap/Stem/Underside unless clearly separate.,RA.PA,Ramaria pallida,5898673281,https://svampe.databasen.org/uploads/2025-10538821_BJm9M3Whxx.JPG,http://creativecommons.org/licenses/by-nc/4.0/legalcode,Søren Rytter Boeriis,Søren Rytter Boeriis,Søren Rytter Boeriis,2025-09-24,Denmark,Hesselholt Skov,https://www.gbif.org/occurrence/5898673281,
coral_RA.PA_Ramaria_pallida_5898674125.jpg,coral,Annotate visible coral fruiting body as Coral; no Cap/Stem/Underside unless clearly separate.,RA.PA,Ramaria pallida,5898674125,https://svampe.databasen.org/uploads/2025-10531598_rJwp0gejle.JPG,http://creativecommons.org/licenses/by-nc/4.0/legalcode,Jacob Schmidt,Jacob Schmidt,Jacob Schmidt,2025-09-10,Denmark,Teglstrup Hegn,https://www.gbif.org/occurrence/5898674125,
coral_RA.PA_Ramaria_pallida_4940908792.jpg,coral,Annotate visible coral fruiting body as Coral; no Cap/Stem/Underside unless clearly separate.,RA.PA,Ramaria pallida,4940908792,https://svampe.databasen.org/uploads/2024-10444922_H1x3iJDsA.JPG,http://creativecommons.org/licenses/by-nc/4.0/legalcode,Pia Boisen Hansen,Pia Boisen Hansen,Pia Boisen Hansen,2024-08-23,Denmark,"Christiansdal, Vojens",https://www.gbif.org/occurrence/4940908792,
coral_RA.PA_Ramaria_pallida_4940913072.jpg,coral,Annotate visible coral fruiting body as Coral; no Cap/Stem/Underside unless clearly separate.,RA.PA,Ramaria pallida,4940913072,https://svampe.databasen.org/uploads/2024-10445823_S114gN9iC.JPG,http://creativecommons.org/licenses/by-nc/4.0/legalcode,Morten Strandberg,Morten Strandberg,Morten Strandberg,2024-08-26,Denmark,"Indelukket, Silkeborg (Remstrup Å)",https://www.gbif.org/occurrence/4940913072,
coral_RA.PA_Ramaria_pallida_4940922176.jpg,coral,Annotate visible coral fruiting body as Coral; no Cap/Stem/Underside unless clearly separate.,RA.PA,Ramaria pallida,4940922176,https://svampe.databasen.org/uploads/2024-10442788_H1lU0rcE9C.JPG,http://creativecommons.org/licenses/by-nc/4.0/legalcode,Ole Martin,Ole Martin,Ole Martin,2024-08-09,Denmark,Tisvilde Hegn,https://www.gbif.org/occurrence/4940922176,
coral_RA.PA_Ramaria_pallida_4940909199.jpg,coral,Annotate visible coral fruiting body as Coral; no Cap/Stem/Underside unless clearly separate.,RA.PA,Ramaria pallida,4940909199,https://svampe.databasen.org/uploads/2024-10449224_rJQbjkq3R.JPG,http://creativecommons.org/licenses/by-nc/4.0/legalcode,Morten Strandberg,Morten Strandberg,Morten Strandberg,2024-09-07,Denmark,"Indelukket, Silkeborg (Remstrup Å)",https://www.gbif.org/occurrence/4940909199,
coral_RA.PA_Ramaria_pallida_4940915406.jpg,coral,Annotate visible coral fruiting body as Coral; no Cap/Stem/Underside unless clearly separate.,RA.PA,Ramaria pallida,4940915406,https://svampe.databasen.org/uploads/2024-10448870_S1jI8KPnR.JPG,http://creativecommons.org/licenses/by-nc/4.0/legalcode,Rasmus Riis-Hansen,Rasmus Riis-Hansen,Rasmus Riis-Hansen,2024-09-05,Denmark,Christiansdal,https://www.gbif.org/occurrence/4940915406,
coral_RA.PA_Ramaria_pallida_4940926921.jpg,coral,Annotate visible coral fruiting body as Coral; no Cap/Stem/Underside unless clearly separate.,RA.PA,Ramaria pallida,4940926921,https://svampe.databasen.org/uploads/2024-10448869_SyYVItPn0.JPG,http://creativecommons.org/licenses/by-nc/4.0/legalcode,Rasmus Riis-Hansen,Rasmus Riis-Hansen,Rasmus Riis-Hansen,2024-09-05,Denmark,Christiansdal,https://www.gbif.org/occurrence/4940926921,
coral_RA.PA_Ramaria_pallida_5052266547.jpg,coral,Annotate visible coral fruiting body as Coral; no Cap/Stem/Underside unless clearly separate.,RA.PA,Ramaria pallida,5052266547,https://svampe.databasen.org/uploads/2024-10452221_B1lhYf8wa0.JPG,http://creativecommons.org/licenses/by-nc/4.0/legalcode,Uffe Nygaard,Uffe Nygaard,Uffe Nygaard,2024-09-16,Denmark,"Hørhaven, Marselisborg",https://www.gbif.org/occurrence/5052266547,
coral_RA.PA_Ramaria_pallida_5052274015.jpg,coral,Annotate visible coral fruiting body as Coral; no Cap/Stem/Underside unless clearly separate.,RA.PA,Ramaria pallida,5052274015,https://svampe.databasen.org/uploads/2024-10453192_Sy3eL-nTR.JPG,http://creativecommons.org/licenses/by-nc/4.0/legalcode,Karin Melbye,Karin Melbye,Karin Melbye,2024-09-20,Denmark,Knøsen,https://www.gbif.org/occurrence/5052274015,
coral_RA.PA_Ramaria_pallida_4465868356.jpg,coral,Annotate visible coral fruiting body as Coral; no Cap/Stem/Underside unless clearly separate.,RA.PA,Ramaria pallida,4465868356,https://svampe.databasen.org/uploads/2023-10361816_BJGb4NZs3.JPG,http://creativecommons.org/licenses/by-nc/4.0/legalcode,Asbjørn Hjortebjerg Andreasen,Asbjørn Hjortebjerg Andreasen,Asbjørn Hjortebjerg Andreasen,2023-07-28,Sweden,Hult,https://www.gbif.org/occurrence/4465868356,
coral_RA.PA_Ramaria_pallida_4465868024.jpg,coral,Annotate visible coral fruiting body as Coral; no Cap/Stem/Underside unless clearly separate.,RA.PA,Ramaria pallida,4465868024,https://svampe.databasen.org/uploads/2023-10371445_Hk66zuyTh.JPG,http://creativecommons.org/licenses/by-nc/4.0/legalcode,Rikke Godtfredsen,Rikke Godtfredsen,Rikke Godtfredsen,2023-08-20,Denmark,Munkebjerg,https://www.gbif.org/occurrence/4465868024,
coral_RA.PA_Ramaria_pallida_4465872333.jpg,coral,Annotate visible coral fruiting body as Coral; no Cap/Stem/Underside unless clearly separate.,RA.PA,Ramaria pallida,4465872333,https://svampe.databasen.org/uploads/2023-10374610_rkMpB1ta3.JPG,http://creativecommons.org/licenses/by-nc/4.0/legalcode,Morten Strandberg,Morten Strandberg,Morten Strandberg,2023-08-27,Denmark,"Indelukket, Silkeborg (Remstrup Å)",https://www.gbif.org/occurrence/4465872333,
coral_RA.PA_Ramaria_pallida_4465873380.jpg,coral,Annotate visible coral fruiting body as Coral; no Cap/Stem/Underside unless clearly separate.,RA.PA,Ramaria pallida,4465873380,https://svampe.databasen.org/uploads/2023-10375279_HkR8zLcph.JPG,http://creativecommons.org/licenses/by-nc/4.0/legalcode,Sara Zakaria,Sara Zakaria,Jens H. Petersen,2023-08-28,Denmark,"Hørhaven, Marselisborg",https://www.gbif.org/occurrence/4465873380,
coral_RA.PA_Ramaria_pallida_4465875490.jpg,coral,Annotate visible coral fruiting body as Coral; no Cap/Stem/Underside unless clearly separate.,RA.PA,Ramaria pallida,4465875490,https://svampe.databasen.org/uploads/2023-10376473_HyoUYfyR3.JPG,http://creativecommons.org/licenses/by-nc/4.0/legalcode,Ole Martin,Ole Martin,Ole Martin,2023-08-31,Denmark,Tisvilde Hegn,https://www.gbif.org/occurrence/4465875490,
coral_RA.PA_Ramaria_pallida_4465870669.jpg,coral,Annotate visible coral fruiting body as Coral; no Cap/Stem/Underside unless clearly separate.,RA.PA,Ramaria pallida,4465870669,https://svampe.databasen.org/uploads/2023-10378308_B1OggWPRn.JPG,http://creativecommons.org/licenses/by-nc/4.0/legalcode,Karin Melbye,Karin Melbye,Karin Melbye,2023-09-01,Denmark,Knøsen,https://www.gbif.org/occurrence/4465870669,
coral_RA.PA_Ramaria_pallida_4465872624.jpg,coral,Annotate visible coral fruiting body as Coral; no Cap/Stem/Underside unless clearly separate.,RA.PA,Ramaria pallida,4465872624,https://svampe.databasen.org/uploads/2023-10377671_B1mSpzOm03.JPG,http://creativecommons.org/licenses/by-nc/4.0/legalcode,Uffe Nygaard,Uffe Nygaard,Uffe Nygaard,2023-09-04,Denmark,Fløjstrup Strand,https://www.gbif.org/occurrence/4465872624,
coral_RA.PA_Ramaria_pallida_4465889084.jpg,coral,Annotate visible coral fruiting body as Coral; no Cap/Stem/Underside unless clearly separate.,RA.PA,Ramaria pallida,4465889084,https://svampe.databasen.org/uploads/2023-10393254_Bk5wlfOZp.JPG,http://creativecommons.org/licenses/by-nc/4.0/legalcode,Morten Strandberg,Morten Strandberg,Morten Strandberg,2023-10-14,Denmark,"Indelukket, Silkeborg (Remstrup Å)",https://www.gbif.org/occurrence/4465889084,
coral_RA.PA_Ramaria_pallida_4465889532.jpg,coral,Annotate visible coral fruiting body as Coral; no Cap/Stem/Underside unless clearly separate.,RA.PA,Ramaria pallida,4465889532,https://svampe.databasen.org/uploads/2023-10387088_SJzWOiLeT.JPG,http://creativecommons.org/licenses/by-nc/4.0/legalcode,Thomas Læssøe,Thomas Læssøe,Thomas Læssøe,2023-10-01,Denmark,"Gribskov, Gadevang",https://www.gbif.org/occurrence/4465889532,
coral_RA.PA_Ramaria_pallida_4465897748.jpg,coral,Annotate visible coral fruiting body as Coral; no Cap/Stem/Underside unless clearly separate.,RA.PA,Ramaria pallida,4465897748,https://svampe.databasen.org/uploads/2023-10399896_Bkhu3ytz6.JPG,http://creativecommons.org/licenses/by-nc/4.0/legalcode,Thomas Læssøe,Thomas Læssøe,Thomas Læssøe,2023-10-27,Greece,Tsardaki,https://www.gbif.org/occurrence/4465897748,
coral_RA.PA_Ramaria_pallida_4465899621.jpg,coral,Annotate visible coral fruiting body as Coral; no Cap/Stem/Underside unless clearly separate.,RA.PA,Ramaria pallida,4465899621,https://svampe.databasen.org/uploads/2023-10399096_BkqTsw8Gp.JPG,http://creativecommons.org/licenses/by-nc/4.0/legalcode,Thomas Læssøe,Thomas Læssøe,Thomas Læssøe,2023-10-25,Greece,Archontiko Papagianni,https://www.gbif.org/occurrence/4465899621,
classical_AG.AU_Agaricus_augustus_5898631090.jpg,classical,"Annotate mushroom parts as Cap, Stem, Underside as appropriate; do not label hands/background.",AG.AU,Agaricus augustus,5898631090,https://svampe.databasen.org/uploads/2025-10516116_rkNm1_TNgl.JPG,http://creativecommons.org/licenses/by-nc/4.0/legalcode,Susanne L Sorensen,Susanne L Sorensen,Susanne L Sorensen,2025-06-28,Denmark,Emdrup,https://www.gbif.org/occurrence/5898631090,
classical_AG.AU_Agaricus_augustus_5898667430.jpg,classical,"Annotate mushroom parts as Cap, Stem, Underside as appropriate; do not label hands/background.",AG.AU,Agaricus augustus,5898667430,https://svampe.databasen.org/uploads/2025-10515934_HkxK5e0qNgl.JPG,http://creativecommons.org/licenses/by-nc/4.0/legalcode,Bodil Anelle Larsen,Bodil Anelle Larsen,Bodil Anelle Larsen,2025-06-26,Denmark,Odense,https://www.gbif.org/occurrence/5898667430,
classical_AG.AU_Agaricus_augustus_5898624700.jpg,classical,"Annotate mushroom parts as Cap, Stem, Underside as appropriate; do not label hands/background.",AG.AU,Agaricus augustus,5898624700,https://svampe.databasen.org/uploads/2025-10517493_Hy6QAq6rxe.JPG,http://creativecommons.org/licenses/by-nc/4.0/legalcode,Sophie Laursen,Sophie Laursen,Sophie Laursen,2025-07-10,Denmark,Ølsted,https://www.gbif.org/occurrence/5898624700,
classical_AG.AU_Agaricus_augustus_5898638554.jpg,classical,"Annotate mushroom parts as Cap, Stem, Underside as appropriate; do not label hands/background.",AG.AU,Agaricus augustus,5898638554,https://svampe.databasen.org/uploads/2025-10518364_BJrKt7BLll.JPG,http://creativecommons.org/licenses/by-nc/4.0/legalcode,Jens Dissing Bendtsen,Jens Dissing Bendtsen,Jens Dissing Bendtsen,2025-07-16,Denmark,Venø Sund,https://www.gbif.org/occurrence/5898638554,
classical_AG.AU_Agaricus_augustus_5898656173.jpg,classical,"Annotate mushroom parts as Cap, Stem, Underside as appropriate; do not label hands/background.",AG.AU,Agaricus augustus,5898656173,https://svampe.databasen.org/uploads/2025-10517415_B1W97PM6Sgx.JPG,http://creativecommons.org/licenses/by-nc/4.0/legalcode,Henrik Dalgaard,Henrik Dalgaard,Henrik Dalgaard,2025-07-09,Denmark,Brændemose,https://www.gbif.org/occurrence/5898656173,
classical_AM.MU_Amanita_muscaria_5898645302.jpg,classical,"Annotate mushroom parts as Cap, Stem, Underside as appropriate; do not label hands/background.",AM.MU,Amanita muscaria,5898645302,https://svampe.databasen.org/uploads/2025-10515814_ByDzQSF4le.JPG,http://creativecommons.org/licenses/by-nc/4.0/legalcode,Søren Rytter Boeriis,Søren Rytter Boeriis,Søren Rytter Boeriis,2025-06-25,Denmark,Bangsbo Skov,https://www.gbif.org/occurrence/5898645302,
classical_AM.MU_Amanita_muscaria_5898618154.jpg,classical,"Annotate mushroom parts as Cap, Stem, Underside as appropriate; do not label hands/background.",AM.MU,Amanita muscaria,5898618154,https://svampe.databasen.org/uploads/2025-10527059_S1Txstutlg.JPG,http://creativecommons.org/licenses/by-nc/4.0/legalcode,Jane Nielsen,Jane Nielsen,Jane Nielsen,2025-08-24,Denmark,Hesselholt Skov,https://www.gbif.org/occurrence/5898618154,
classical_AM.MU_Amanita_muscaria_5898618160.jpg,classical,"Annotate mushroom parts as Cap, Stem, Underside as appropriate; do not label hands/background.",AM.MU,Amanita muscaria,5898618160,https://svampe.databasen.org/uploads/2025-10528445_Hy3QIXg9lx.JPG,http://creativecommons.org/licenses/by-nc/4.0/legalcode,Søren Rytter Boeriis,Søren Rytter Boeriis,Søren Rytter Boeriis,2025-08-30,Denmark,Hesselholt Skov,https://www.gbif.org/occurrence/5898618160,
classical_AM.MU_Amanita_muscaria_5898619725.jpg,classical,"Annotate mushroom parts as Cap, Stem, Underside as appropriate; do not label hands/background.",AM.MU,Amanita muscaria,5898619725,https://svampe.databasen.org/uploads/2025-10528936_B1dFQMG9ex.JPG,http://creativecommons.org/licenses/by-nc/4.0/legalcode,Frede Scheye,Frede Scheye,Frede Scheye,2025-08-31,Denmark,Stenskov,https://www.gbif.org/occurrence/5898619725,
classical_AM.VI_Amanita_virosa_5898621165.jpg,classical,"Annotate mushroom parts as Cap, Stem, Underside as appropriate; do not label hands/background.",AM.VI,Amanita virosa,5898621165,https://svampe.databasen.org/uploads/2025-10523109_B19kvnQOgl.JPG,http://creativecommons.org/licenses/by-nc/4.0/legalcode,Søren Rytter Boeriis,Søren Rytter Boeriis,Søren Rytter Boeriis,2025-08-08,Denmark,Store Arden Skov,https://www.gbif.org/occurrence/5898621165,
classical_AM.VI_Amanita_virosa_5898621656.jpg,classical,"Annotate mushroom parts as Cap, Stem, Underside as appropriate; do not label hands/background.",AM.VI,Amanita virosa,5898621656,https://svampe.databasen.org/uploads/2025-10525634_rkkIKfCuee.JPG,http://creativecommons.org/licenses/by-nc/4.0/legalcode,Jane Nielsen,Jane Nielsen,Jane Nielsen,2025-08-16,Denmark,Store Arden Skov,https://www.gbif.org/occurrence/5898621656,
classical_AM.VI_Amanita_virosa_5898623798.jpg,classical,"Annotate mushroom parts as Cap, Stem, Underside as appropriate; do not label hands/background.",AM.VI,Amanita virosa,5898623798,https://svampe.databasen.org/uploads/2025-10533179_BJWmZZNsxg.JPG,http://creativecommons.org/licenses/by-nc/4.0/legalcode,Tina Larsen,Tina Larsen,Tina Larsen,2025-08-23,Denmark,Brunshede,https://www.gbif.org/occurrence/5898623798,
classical_AM.VI_Amanita_virosa_5898626028.jpg,classical,"Annotate mushroom parts as Cap, Stem, Underside as appropriate; do not label hands/background.",AM.VI,Amanita virosa,5898626028,https://svampe.databasen.org/uploads/2025-10524249_ByasQ5DOex.JPG,http://creativecommons.org/licenses/by-nc/4.0/legalcode,Søren Rytter Boeriis,Søren Rytter Boeriis,Søren Rytter Boeriis,2025-08-11,Denmark,Hesselholt Skov,https://www.gbif.org/occurrence/5898626028,
classical_BO.ED_Boletus_edulis_5898618342.jpg,classical,"Annotate mushroom parts as Cap, Stem, Underside as appropriate; do not label hands/background.",BO.ED,Boletus edulis,5898618342,https://svampe.databasen.org/uploads/2025-10515900_S1aH8i5Nel.JPG,http://creativecommons.org/licenses/by-nc/4.0/legalcode,Jane Nielsen,Jane Nielsen,Jane Nielsen,2025-06-26,Denmark,Kirkesande,https://www.gbif.org/occurrence/5898618342,
classical_BO.ED_Boletus_edulis_5898622649.jpg,classical,"Annotate mushroom parts as Cap, Stem, Underside as appropriate; do not label hands/background.",BO.ED,Boletus edulis,5898622649,https://svampe.databasen.org/uploads/2025-10516418_Hknx2rgrgl.JPG,http://creativecommons.org/licenses/by-nc/4.0/legalcode,Søren Rytter Boeriis,Søren Rytter Boeriis,Søren Rytter Boeriis,2025-06-30,Denmark,Store Arden Skov,https://www.gbif.org/occurrence/5898622649,
classical_BO.ED_Boletus_edulis_5898660701.jpg,classical,"Annotate mushroom parts as Cap, Stem, Underside as appropriate; do not label hands/background.",BO.ED,Boletus edulis,5898660701,https://svampe.databasen.org/uploads/2025-10515451_S13EzrXEgl.JPG,http://creativecommons.org/licenses/by-nc/4.0/legalcode,Annette Greenfort,Annette Greenfort,Annette Greenfort,2025-06-20,Denmark,Skelsnæs,https://www.gbif.org/occurrence/5898660701,
classical_BO.ED_Boletus_edulis_5898669832.jpg,classical,"Annotate mushroom parts as Cap, Stem, Underside as appropriate; do not label hands/background.",BO.ED,Boletus edulis,5898669832,https://svampe.databasen.org/uploads/2025-10515278_rJUbiPg4ex.JPG,http://creativecommons.org/licenses/by-nc/4.0/legalcode,Annette Greenfort,Annette Greenfort,Annette Greenfort,2025-06-18,Denmark,Rykkerup Skov,https://www.gbif.org/occurrence/5898669832,
classical_BO.BA_Imleria_badia_5898619719.jpg,classical,"Annotate mushroom parts as Cap, Stem, Underside as appropriate; do not label hands/background.",BO.BA,Imleria badia,5898619719,https://svampe.databasen.org/uploads/2025-10527388_H150y6YKel.JPG,http://creativecommons.org/licenses/by-nc/4.0/legalcode,Jane Nielsen,Jane Nielsen,Jane Nielsen,2025-08-25,Denmark,Mossø,https://www.gbif.org/occurrence/5898619719,
classical_BO.BA_Imleria_badia_5898622946.jpg,classical,"Annotate mushroom parts as Cap, Stem, Underside as appropriate; do not label hands/background.",BO.BA,Imleria badia,5898622946,https://svampe.databasen.org/uploads/2025-10523496_SysLqNHOxg.JPG,http://creativecommons.org/licenses/by-nc/4.0/legalcode,Peter Stidsen,Peter Stidsen,Peter Stidsen,2025-08-09,Denmark,Rejstrup Plantage,https://www.gbif.org/occurrence/5898622946,
classical_BO.BA_Imleria_badia_5898626015.jpg,classical,"Annotate mushroom parts as Cap, Stem, Underside as appropriate; do not label hands/background.",BO.BA,Imleria badia,5898626015,https://svampe.databasen.org/uploads/2025-10522016_ByTM5IRPxg.JPG,http://creativecommons.org/licenses/by-nc/4.0/legalcode,Frits Sørensen,Frits Sørensen,Frits Sørensen,2025-08-04,Denmark,Nørlund Plantage,https://www.gbif.org/occurrence/5898626015,
classical_CA.CI_Cantharellus_cibarius_6161882055.jpg,classical,"Annotate mushroom parts as Cap, Stem, Underside as appropriate; do not label hands/background.",CA.CI,Cantharellus cibarius,6161882055,https://svampe.databasen.org/uploads/2026-10579028_rJ6HPAX4bl.JPG,http://creativecommons.org/licenses/by-nc/4.0/legalcode,René Giese,René Giese,René Giese,2026-01-01,Denmark,Rødpælestjernen (Gribskov),https://www.gbif.org/occurrence/6161882055,
classical_CA.CI_Cantharellus_cibarius_5052259363.jpg,classical,"Annotate mushroom parts as Cap, Stem, Underside as appropriate; do not label hands/background.",CA.CI,Cantharellus cibarius,5052259363,https://svampe.databasen.org/uploads/2025-10493392_ryolZlhUJg.JPG,http://creativecommons.org/licenses/by-nc/4.0/legalcode,Jane Nielsen,Jane Nielsen,Jane Nielsen,2025-01-08,Denmark,Volsted Plantage,https://www.gbif.org/occurrence/5052259363,
classical_CA.CI_Cantharellus_cibarius_5052263134.jpg,classical,"Annotate mushroom parts as Cap, Stem, Underside as appropriate; do not label hands/background.",CA.CI,Cantharellus cibarius,5052263134,https://svampe.databasen.org/uploads/2025-10494080_SJJQor-Dkx.JPG,http://creativecommons.org/licenses/by-nc/4.0/legalcode,Søren Rytter Boeriis,Søren Rytter Boeriis,Søren Rytter Boeriis,2025-01-12,Denmark,Helium Skov,https://www.gbif.org/occurrence/5052263134,
classical_HY.PS_Hygrophoropsis_aurantiaca_6161874814.jpg,classical,"Annotate mushroom parts as Cap, Stem, Underside as appropriate; do not label hands/background.",HY.PS,Hygrophoropsis aurantiaca,6161874814,https://svampe.databasen.org/uploads/2026-10579788_BkB9CTDVZe.JPG,http://creativecommons.org/licenses/by-nc/4.0/legalcode,Jane Nielsen,Jane Nielsen,Jane Nielsen,2026-01-04,Denmark,Skindbjerglund,https://www.gbif.org/occurrence/6161874814,
classical_HY.PS_Hygrophoropsis_aurantiaca_5052245313.jpg,classical,"Annotate mushroom parts as Cap, Stem, Underside as appropriate; do not label hands/background.",HY.PS,Hygrophoropsis aurantiaca,5052245313,https://svampe.databasen.org/uploads/2025-10494081_B1ZEoBbPke.JPG,http://creativecommons.org/licenses/by-nc/4.0/legalcode,Søren Rytter Boeriis,Søren Rytter Boeriis,Søren Rytter Boeriis,2025-01-12,Denmark,Helium Skov,https://www.gbif.org/occurrence/5052245313,
classical_HY.PS_Hygrophoropsis_aurantiaca_5898621636.jpg,classical,"Annotate mushroom parts as Cap, Stem, Underside as appropriate; do not label hands/background.",HY.PS,Hygrophoropsis aurantiaca,5898621636,https://svampe.databasen.org/uploads/2025-10522015_BklwCFU0vgx.JPG,http://creativecommons.org/licenses/by-nc/4.0/legalcode,Frits Sørensen,Frits Sørensen,Frits Sørensen,2025-08-04,Denmark,Nørlund Plantage,https://www.gbif.org/occurrence/5898621636,
classical_HY.PS_Hygrophoropsis_aurantiaca_5898626822.jpg,classical,"Annotate mushroom parts as Cap, Stem, Underside as appropriate; do not label hands/background.",HY.PS,Hygrophoropsis aurantiaca,5898626822,https://svampe.databasen.org/uploads/2025-10526540_ByFJztVYxg.JPG,http://creativecommons.org/licenses/by-nc/4.0/legalcode,Jane Nielsen,Jane Nielsen,Jane Nielsen,2025-08-21,Denmark,Daugbjerg Plantage,https://www.gbif.org/occurrence/5898626822,
classical_LA.HE_Lactarius_helvus_5898647673.jpg,classical,"Annotate mushroom parts as Cap, Stem, Underside as appropriate; do not label hands/background.",LA.HE,Lactarius helvus,5898647673,https://svampe.databasen.org/uploads/2025-10520125_SkKe28fPxg.JPG,http://creativecommons.org/licenses/by-nc/4.0/legalcode,Sinne Rosborg,Sinne Rosborg,Sinne Rosborg,2025-07-26,Denmark,Læsø Klitplantage,https://www.gbif.org/occurrence/5898647673,
classical_LA.HE_Lactarius_helvus_5898658174.jpg,classical,"Annotate mushroom parts as Cap, Stem, Underside as appropriate; do not label hands/background.",LA.HE,Lactarius helvus,5898658174,https://svampe.databasen.org/uploads/2025-10520603_HyHMPwBPle.JPG,http://creativecommons.org/licenses/by-nc/4.0/legalcode,Thomas Møller Ørum,Thomas Møller Ørum,Thomas Møller Ørum,2025-07-28,Denmark,Andebjerg,https://www.gbif.org/occurrence/5898658174,
classical_LA.HE_Lactarius_helvus_5898675195.jpg,classical,"Annotate mushroom parts as Cap, Stem, Underside as appropriate; do not label hands/background.",LA.HE,Lactarius helvus,5898675195,https://svampe.databasen.org/uploads/2025-10520506_Hk7HbRVPee.JPG,http://creativecommons.org/licenses/by-nc/4.0/legalcode,Frits Sørensen,Frits Sørensen,Frits Sørensen,2025-07-28,Denmark,Fonnesbæk,https://www.gbif.org/occurrence/5898675195,
background_01.jpg,background,Skip this image if there is no mushroom to annotate.,,,,,,,,,,,,,/home/iannyf/projekt/AI-Based-Mushroom-Identification-Using-Image-Recognition-and-Trait-Based-Classification/data/raw/background/11.jpg
background_02.jpg,background,Skip this image if there is no mushroom to annotate.,,,,,,,,,,,,,/home/iannyf/projekt/AI-Based-Mushroom-Identification-Using-Image-Recognition-and-Trait-Based-Classification/data/raw/background/12.jpg
background_03.jpg,background,Skip this image if there is no mushroom to annotate.,,,,,,,,,,,,,/home/iannyf/projekt/AI-Based-Mushroom-Identification-Using-Image-Recognition-and-Trait-Based-Classification/data/raw/background/13.jpg
background_04.jpg,background,Skip this image if there is no mushroom to annotate.,,,,,,,,,,,,,/home/iannyf/projekt/AI-Based-Mushroom-Identification-Using-Image-Recognition-and-Trait-Based-Classification/data/raw/background/14.jpg
background_05.jpg,background,Skip this image if there is no mushroom to annotate.,,,,,,,,,,,,,/home/iannyf/projekt/AI-Based-Mushroom-Identification-Using-Image-Recognition-and-Trait-Based-Classification/data/raw/background/15.jpg
background_06.jpg,background,Skip this image if there is no mushroom to annotate.,,,,,,,,,,,,,/home/iannyf/projekt/AI-Based-Mushroom-Identification-Using-Image-Recognition-and-Trait-Based-Classification/data/raw/background/16.jpg
background_07.jpg,background,Skip this image if there is no mushroom to annotate.,,,,,,,,,,,,,/home/iannyf/projekt/AI-Based-Mushroom-Identification-Using-Image-Recognition-and-Trait-Based-Classification/data/raw/background/17.jpg
background_08.jpg,background,Skip this image if there is no mushroom to annotate.,,,,,,,,,,,,,/home/iannyf/projekt/AI-Based-Mushroom-Identification-Using-Image-Recognition-and-Trait-Based-Classification/data/raw/background/18.jpg
background_09.jpg,background,Skip this image if there is no mushroom to annotate.,,,,,,,,,,,,,/home/iannyf/projekt/AI-Based-Mushroom-Identification-Using-Image-Recognition-and-Trait-Based-Classification/data/raw/background/19.jpg
background_10.jpg,background,Skip this image if there is no mushroom to annotate.,,,,,,,,,,,,,/home/iannyf/projekt/AI-Based-Mushroom-Identification-Using-Image-Recognition-and-Trait-Based-Classification/data/raw/background/20.jpg
