species_id,scientific_name,scenario_tags,source_dataset,dataset_key,gbif_occurrence_key,media_url,license,rights_holder,creator,identified_by,event_date,country,locality,basis_of_record,gbif_url
AG.AU,Agaricus augustus,ood;cap;gills;stem,"Danish Mycological Society, fungal records database / Svampeatlas.dk via GBIF",84d26682-f762-11e1-a439-00145eb45e9a,5898631090,https://svampe.databasen.org/uploads/2025-10516116_rkNm1_TNgl.JPG,http://creativecommons.org/licenses/by-nc/4.0/legalcode,Susanne L Sorensen,Susanne L Sorensen,Susanne L Sorensen,2025-06-28,Denmark,Emdrup,HUMAN_OBSERVATION,https://www.gbif.org/occurrence/5898631090
AG.AU,Agaricus augustus,ood;cap;gills;stem,"Danish Mycological Society, fungal records database / Svampeatlas.dk via GBIF",84d26682-f762-11e1-a439-00145eb45e9a,5898631090,https://svampe.databasen.org/uploads/2025-10516116_ryE7ydpNex.JPG,http://creativecommons.org/licenses/by-nc/4.0/legalcode,Susanne L Sorensen,Susanne L Sorensen,Susanne L Sorensen,2025-06-28,Denmark,Emdrup,HUMAN_OBSERVATION,https://www.gbif.org/occurrence/5898631090
AG.AU,Agaricus augustus,ood;cap;gills;stem,"Danish Mycological Society, fungal records database / Svampeatlas.dk via GBIF",84d26682-f762-11e1-a439-00145eb45e9a,5898667430,https://svampe.databasen.org/uploads/2025-10515934_HkxK5e0qNgl.JPG,http://creativecommons.org/licenses/by-nc/4.0/legalcode,Bodil Anelle Larsen,Bodil Anelle Larsen,Bodil Anelle Larsen,2025-06-26,Denmark,Odense,HUMAN_OBSERVATION,https://www.gbif.org/occurrence/5898667430
AG.AU,Agaricus augustus,ood;cap;gills;stem,"Danish Mycological Society, fungal records database / Svampeatlas.dk via GBIF",84d26682-f762-11e1-a439-00145eb45e9a,5898667430,https://svampe.databasen.org/uploads/2025-10515934_SytcxA9Eeg.JPG,http://creativecommons.org/licenses/by-nc/4.0/legalcode,Bodil Anelle Larsen,Bodil Anelle Larsen,Bodil Anelle Larsen,2025-06-26,Denmark,Odense,HUMAN_OBSERVATION,https://www.gbif.org/occurrence/5898667430
AG.AU,Agaricus augustus,ood;cap;gills;stem,"Danish Mycological Society, fungal records database / Svampeatlas.dk via GBIF",84d26682-f762-11e1-a439-00145eb45e9a,5898624700,https://svampe.databasen.org/uploads/2025-10517493_Hy6QAq6rxe.JPG,http://creativecommons.org/licenses/by-nc/4.0/legalcode,Sophie Laursen,Sophie Laursen,Sophie Laursen,2025-07-10,Denmark,Ølsted,HUMAN_OBSERVATION,https://www.gbif.org/occurrence/5898624700
AG.AU,Agaricus augustus,ood;cap;gills;stem,"Danish Mycological Society, fungal records database / Svampeatlas.dk via GBIF",84d26682-f762-11e1-a439-00145eb45e9a,5898624700,https://svampe.databasen.org/uploads/2025-10517493_SkRmCcprxl.JPG,http://creativecommons.org/licenses/by-nc/4.0/legalcode,Sophie Laursen,Sophie Laursen,Sophie Laursen,2025-07-10,Denmark,Ølsted,HUMAN_OBSERVATION,https://www.gbif.org/occurrence/5898624700
AG.AU,Agaricus augustus,ood;cap;gills;stem,"Danish Mycological Society, fungal records database / Svampeatlas.dk via GBIF",84d26682-f762-11e1-a439-00145eb45e9a,5898624700,https://svampe.databasen.org/uploads/2025-10517493_rJMVR5TSxl.JPG,http://creativecommons.org/licenses/by-nc/4.0/legalcode,Sophie Laursen,Sophie Laursen,Sophie Laursen,2025-07-10,Denmark,Ølsted,HUMAN_OBSERVATION,https://www.gbif.org/occurrence/5898624700
AG.AU,Agaricus augustus,ood;cap;gills;stem,"Danish Mycological Society, fungal records database / Svampeatlas.dk via GBIF",84d26682-f762-11e1-a439-00145eb45e9a,5898624700,https://svampe.databasen.org/uploads/2025-10517493_rJxVA96rgg.JPG,http://creativecommons.org/licenses/by-nc/4.0/legalcode,Sophie Laursen,Sophie Laursen,Sophie Laursen,2025-07-10,Denmark,Ølsted,HUMAN_OBSERVATION,https://www.gbif.org/occurrence/5898624700
AM.MU,Amanita muscaria,toxic;cap;spots;stem,"Danish Mycological Society, fungal records database / Svampeatlas.dk via GBIF",84d26682-f762-11e1-a439-00145eb45e9a,5898645302,https://svampe.databasen.org/uploads/2025-10515814_ByDzQSF4le.JPG,http://creativecommons.org/licenses/by-nc/4.0/legalcode,Søren Rytter Boeriis,Søren Rytter Boeriis,Søren Rytter Boeriis,2025-06-25,Denmark,Bangsbo Skov,HUMAN_OBSERVATION,https://www.gbif.org/occurrence/5898645302
AM.MU,Amanita muscaria,toxic;cap;spots;stem,"Danish Mycological Society, fungal records database / Svampeatlas.dk via GBIF",84d26682-f762-11e1-a439-00145eb45e9a,5898645302,https://svampe.databasen.org/uploads/2025-10515814_SkdfmHK4ex.JPG,http://creativecommons.org/licenses/by-nc/4.0/legalcode,Søren Rytter Boeriis,Søren Rytter Boeriis,Søren Rytter Boeriis,2025-06-25,Denmark,Bangsbo Skov,HUMAN_OBSERVATION,https://www.gbif.org/occurrence/5898645302
AM.MU,Amanita muscaria,toxic;cap;spots;stem,"Danish Mycological Society, fungal records database / Svampeatlas.dk via GBIF",84d26682-f762-11e1-a439-00145eb45e9a,5898618154,https://svampe.databasen.org/uploads/2025-10527059_S1Txstutlg.JPG,http://creativecommons.org/licenses/by-nc/4.0/legalcode,Jane Nielsen,Jane Nielsen,Jane Nielsen,2025-08-24,Denmark,Hesselholt Skov,HUMAN_OBSERVATION,https://www.gbif.org/occurrence/5898618154
AM.MU,Amanita muscaria,toxic;cap;spots;stem,"Danish Mycological Society, fungal records database / Svampeatlas.dk via GBIF",84d26682-f762-11e1-a439-00145eb45e9a,5898618160,https://svampe.databasen.org/uploads/2025-10528445_Hy3QIXg9lx.JPG,http://creativecommons.org/licenses/by-nc/4.0/legalcode,Søren Rytter Boeriis,Søren Rytter Boeriis,Søren Rytter Boeriis,2025-08-30,Denmark,Hesselholt Skov,HUMAN_OBSERVATION,https://www.gbif.org/occurrence/5898618160
AM.MU,Amanita muscaria,toxic;cap;spots;stem,"Danish Mycological Society, fungal records database / Svampeatlas.dk via GBIF",84d26682-f762-11e1-a439-00145eb45e9a,5898618160,https://svampe.databasen.org/uploads/2025-10528445_SJi7IQlcgg.JPG,http://creativecommons.org/licenses/by-nc/4.0/legalcode,Søren Rytter Boeriis,Søren Rytter Boeriis,Søren Rytter Boeriis,2025-08-30,Denmark,Hesselholt Skov,HUMAN_OBSERVATION,https://www.gbif.org/occurrence/5898618160
AM.VI,Amanita virosa,extremely_toxic;white;gills;stem,"Danish Mycological Society, fungal records database / Svampeatlas.dk via GBIF",84d26682-f762-11e1-a439-00145eb45e9a,5898621165,https://svampe.databasen.org/uploads/2025-10523109_B19kvnQOgl.JPG,http://creativecommons.org/licenses/by-nc/4.0/legalcode,Søren Rytter Boeriis,Søren Rytter Boeriis,Søren Rytter Boeriis,2025-08-08,Denmark,Store Arden Skov,HUMAN_OBSERVATION,https://www.gbif.org/occurrence/5898621165
AM.VI,Amanita virosa,extremely_toxic;white;gills;stem,"Danish Mycological Society, fungal records database / Svampeatlas.dk via GBIF",84d26682-f762-11e1-a439-00145eb45e9a,5898621165,https://svampe.databasen.org/uploads/2025-10523109_ryY1v3mdex.JPG,http://creativecommons.org/licenses/by-nc/4.0/legalcode,Søren Rytter Boeriis,Søren Rytter Boeriis,Søren Rytter Boeriis,2025-08-08,Denmark,Store Arden Skov,HUMAN_OBSERVATION,https://www.gbif.org/occurrence/5898621165
AM.VI,Amanita virosa,extremely_toxic;white;gills;stem,"Danish Mycological Society, fungal records database / Svampeatlas.dk via GBIF",84d26682-f762-11e1-a439-00145eb45e9a,5898621656,https://svampe.databasen.org/uploads/2025-10525634_rkkIKfCuee.JPG,http://creativecommons.org/licenses/by-nc/4.0/legalcode,Jane Nielsen,Jane Nielsen,Jane Nielsen,2025-08-16,Denmark,Store Arden Skov,HUMAN_OBSERVATION,https://www.gbif.org/occurrence/5898621656
AM.VI,Amanita virosa,extremely_toxic;white;gills;stem,"Danish Mycological Society, fungal records database / Svampeatlas.dk via GBIF",84d26682-f762-11e1-a439-00145eb45e9a,5898623798,https://svampe.databasen.org/uploads/2025-10533179_BJWmZZNsxg.JPG,http://creativecommons.org/licenses/by-nc/4.0/legalcode,Tina Larsen,Tina Larsen,Tina Larsen,2025-08-23,Denmark,Brunshede,HUMAN_OBSERVATION,https://www.gbif.org/occurrence/5898623798
AM.VI,Amanita virosa,extremely_toxic;white;gills;stem,"Danish Mycological Society, fungal records database / Svampeatlas.dk via GBIF",84d26682-f762-11e1-a439-00145eb45e9a,5898623798,https://svampe.databasen.org/uploads/2025-10533179_BJzX-WEsgg.JPG,http://creativecommons.org/licenses/by-nc/4.0/legalcode,Tina Larsen,Tina Larsen,Tina Larsen,2025-08-23,Denmark,Brunshede,HUMAN_OBSERVATION,https://www.gbif.org/occurrence/5898623798
BO.BA,Boletus badius,bolete;pores;brown_cap,"Danish Mycological Society, fungal records database / Svampeatlas.dk via GBIF",84d26682-f762-11e1-a439-00145eb45e9a,2238275141,https://svampe.databasen.org/uploads/2026-571704_B19xMXlSWx.JPG,http://creativecommons.org/licenses/by-nc/4.0/legalcode,Pia Boisen Hansen,Pia Boisen Hansen,Pia Boisen Hansen,2026-01-10,Denmark,Langå Egeskov,PRESERVED_SPECIMEN,https://www.gbif.org/occurrence/2238275141
BO.BA,Boletus badius,bolete;pores;brown_cap,"Danish Mycological Society, fungal records database / Svampeatlas.dk via GBIF",84d26682-f762-11e1-a439-00145eb45e9a,6161867346,https://svampe.databasen.org/uploads/2026-10579039_BykocAXEZe.JPG,http://creativecommons.org/licenses/by-nc/4.0/legalcode,Dan Ingemann Jensen,Dan Ingemann Jensen,Dan Ingemann Jensen,2026-01-01,Denmark,Selskov,HUMAN_OBSERVATION,https://www.gbif.org/occurrence/6161867346
BO.BA,Boletus badius,bolete;pores;brown_cap,"Danish Mycological Society, fungal records database / Svampeatlas.dk via GBIF",84d26682-f762-11e1-a439-00145eb45e9a,6161867346,https://svampe.databasen.org/uploads/2026-10579039_HJAc9CX4Ze.JPG,http://creativecommons.org/licenses/by-nc/4.0/legalcode,Dan Ingemann Jensen,Dan Ingemann Jensen,Dan Ingemann Jensen,2026-01-01,Denmark,Selskov,HUMAN_OBSERVATION,https://www.gbif.org/occurrence/6161867346
BO.BA,Boletus badius,bolete;pores;brown_cap,"Danish Mycological Society, fungal records database / Svampeatlas.dk via GBIF",84d26682-f762-11e1-a439-00145eb45e9a,6161867352,https://svampe.databasen.org/uploads/2026-10580532_SkmaMRQSZg.JPG,http://creativecommons.org/licenses/by-nc/4.0/legalcode,Jacob Heilmann-Clausen,Jacob Heilmann-Clausen,Jacob Heilmann-Clausen,2026-01-11,Brazil,Enseada do Acajituba,HUMAN_OBSERVATION,https://www.gbif.org/occurrence/6161867352
BO.BA,Boletus badius,bolete;pores;brown_cap,"Danish Mycological Society, fungal records database / Svampeatlas.dk via GBIF",84d26682-f762-11e1-a439-00145eb45e9a,6161867352,https://svampe.databasen.org/uploads/2026-10580532_ryMTGA7SWe.JPG,http://creativecommons.org/licenses/by-nc/4.0/legalcode,Jacob Heilmann-Clausen,Jacob Heilmann-Clausen,Jacob Heilmann-Clausen,2026-01-11,Brazil,Enseada do Acajituba,HUMAN_OBSERVATION,https://www.gbif.org/occurrence/6161867352
BO.ED,Boletus edulis,bolete;pores;edible,"Danish Mycological Society, fungal records database / Svampeatlas.dk via GBIF",84d26682-f762-11e1-a439-00145eb45e9a,5898618342,https://svampe.databasen.org/uploads/2025-10515900_S1aH8i5Nel.JPG,http://creativecommons.org/licenses/by-nc/4.0/legalcode,Jane Nielsen,Jane Nielsen,Jane Nielsen,2025-06-26,Denmark,Kirkesande,HUMAN_OBSERVATION,https://www.gbif.org/occurrence/5898618342
BO.ED,Boletus edulis,bolete;pores;edible,"Danish Mycological Society, fungal records database / Svampeatlas.dk via GBIF",84d26682-f762-11e1-a439-00145eb45e9a,5898618342,https://svampe.databasen.org/uploads/2025-10515900_rkqHIocEee.JPG,http://creativecommons.org/licenses/by-nc/4.0/legalcode,Jane Nielsen,Jane Nielsen,Jane Nielsen,2025-06-26,Denmark,Kirkesande,HUMAN_OBSERVATION,https://www.gbif.org/occurrence/5898618342
BO.ED,Boletus edulis,bolete;pores;edible,"Danish Mycological Society, fungal records database / Svampeatlas.dk via GBIF",84d26682-f762-11e1-a439-00145eb45e9a,5898622649,https://svampe.databasen.org/uploads/2025-10516418_Hknx2rgrgl.JPG,http://creativecommons.org/licenses/by-nc/4.0/legalcode,Søren Rytter Boeriis,Søren Rytter Boeriis,Søren Rytter Boeriis,2025-06-30,Denmark,Store Arden Skov,HUMAN_OBSERVATION,https://www.gbif.org/occurrence/5898622649
BO.ED,Boletus edulis,bolete;pores;edible,"Danish Mycological Society, fungal records database / Svampeatlas.dk via GBIF",84d26682-f762-11e1-a439-00145eb45e9a,5898622649,https://svampe.databasen.org/uploads/2025-10516418_S1ienHlrlg.JPG,http://creativecommons.org/licenses/by-nc/4.0/legalcode,Søren Rytter Boeriis,Søren Rytter Boeriis,Søren Rytter Boeriis,2025-06-30,Denmark,Store Arden Skov,HUMAN_OBSERVATION,https://www.gbif.org/occurrence/5898622649
BO.ED,Boletus edulis,bolete;pores;edible,"Danish Mycological Society, fungal records database / Svampeatlas.dk via GBIF",84d26682-f762-11e1-a439-00145eb45e9a,5898622649,https://svampe.databasen.org/uploads/2025-10516418_Skcg2SeBxg.JPG,http://creativecommons.org/licenses/by-nc/4.0/legalcode,Søren Rytter Boeriis,Søren Rytter Boeriis,Søren Rytter Boeriis,2025-06-30,Denmark,Store Arden Skov,HUMAN_OBSERVATION,https://www.gbif.org/occurrence/5898622649
CA.CI,Cantharellus cibarius,chanterelle;folds;yellow,"Danish Mycological Society, fungal records database / Svampeatlas.dk via GBIF",84d26682-f762-11e1-a439-00145eb45e9a,6161882055,https://svampe.databasen.org/uploads/2026-10579028_rJ6HPAX4bl.JPG,http://creativecommons.org/licenses/by-nc/4.0/legalcode,René Giese,René Giese,René Giese,2026-01-01,Denmark,Rødpælestjernen (Gribskov),HUMAN_OBSERVATION,https://www.gbif.org/occurrence/6161882055
CA.CI,Cantharellus cibarius,chanterelle;folds;yellow,"Danish Mycological Society, fungal records database / Svampeatlas.dk via GBIF",84d26682-f762-11e1-a439-00145eb45e9a,5052259363,https://svampe.databasen.org/uploads/2025-10493392_ryolZlhUJg.JPG,http://creativecommons.org/licenses/by-nc/4.0/legalcode,Jane Nielsen,Jane Nielsen,Jane Nielsen,2025-01-08,Denmark,Volsted Plantage,HUMAN_OBSERVATION,https://www.gbif.org/occurrence/5052259363
CA.CI,Cantharellus cibarius,chanterelle;folds;yellow,"Danish Mycological Society, fungal records database / Svampeatlas.dk via GBIF",84d26682-f762-11e1-a439-00145eb45e9a,5052263134,https://svampe.databasen.org/uploads/2025-10494080_SJJQor-Dkx.JPG,http://creativecommons.org/licenses/by-nc/4.0/legalcode,Søren Rytter Boeriis,Søren Rytter Boeriis,Søren Rytter Boeriis,2025-01-12,Denmark,Helium Skov,HUMAN_OBSERVATION,https://www.gbif.org/occurrence/5052263134
CA.CI,Cantharellus cibarius,chanterelle;folds;yellow,"Danish Mycological Society, fungal records database / Svampeatlas.dk via GBIF",84d26682-f762-11e1-a439-00145eb45e9a,5898621613,https://svampe.databasen.org/uploads/2025-10516111_ByIsRw64ge.JPG,http://creativecommons.org/licenses/by-nc/4.0/legalcode,Søren Rytter Boeriis,Søren Rytter Boeriis,Søren Rytter Boeriis,2025-06-28,Denmark,Helium Skov,HUMAN_OBSERVATION,https://www.gbif.org/occurrence/5898621613
CA.CI,Cantharellus cibarius,chanterelle;folds;yellow,"Danish Mycological Society, fungal records database / Svampeatlas.dk via GBIF",84d26682-f762-11e1-a439-00145eb45e9a,5898622159,https://svampe.databasen.org/uploads/2025-10514949_SJxLA953mee.JPG,http://creativecommons.org/licenses/by-nc/4.0/legalcode,Ella Buck,Ella Buck,Ella Buck,2025-06-15,Denmark,Åsen,HUMAN_OBSERVATION,https://www.gbif.org/occurrence/5898622159
CA.CI,Cantharellus cibarius,chanterelle;folds;yellow,"Danish Mycological Society, fungal records database / Svampeatlas.dk via GBIF",84d26682-f762-11e1-a439-00145eb45e9a,5898622159,https://svampe.databasen.org/uploads/2025-10514949_r1IAcc27xg.JPG,http://creativecommons.org/licenses/by-nc/4.0/legalcode,Ella Buck,Ella Buck,Ella Buck,2025-06-15,Denmark,Åsen,HUMAN_OBSERVATION,https://www.gbif.org/occurrence/5898622159
CO.CO,Coprinellus comatus,inkcap;gills;edge_case_age,"Danish Mycological Society, fungal records database / Svampeatlas.dk via GBIF",84d26682-f762-11e1-a439-00145eb45e9a,5052246562,https://svampe.databasen.org/uploads/2025-10492315_rkqgRG4Uyg.JPG,http://creativecommons.org/licenses/by-nc/4.0/legalcode,Dan Ingemann Jensen,Dan Ingemann Jensen,Dan Ingemann Jensen,2025-01-02,Denmark,"Gribskov, Gadevang",HUMAN_OBSERVATION,https://www.gbif.org/occurrence/5052246562
CO.CO,Coprinellus comatus,inkcap;gills;edge_case_age,"Danish Mycological Society, fungal records database / Svampeatlas.dk via GBIF",84d26682-f762-11e1-a439-00145eb45e9a,5052259481,https://svampe.databasen.org/uploads/2025-10494661_rJmGn5HvJl.JPG,http://creativecommons.org/licenses/by-nc/4.0/legalcode,Jette Anitha Hansen,Jette Anitha Hansen,Jette Anitha Hansen,2025-01-15,Denmark,Hedensted,HUMAN_OBSERVATION,https://www.gbif.org/occurrence/5052259481
CO.CO,Coprinellus comatus,inkcap;gills;edge_case_age,"Danish Mycological Society, fungal records database / Svampeatlas.dk via GBIF",84d26682-f762-11e1-a439-00145eb45e9a,5052259565,https://svampe.databasen.org/uploads/2025-10495688_S1XwCqcvJx.JPG,http://creativecommons.org/licenses/by-nc/4.0/legalcode,Jan Riis-Hansen,Jan Riis-Hansen,Jan Riis-Hansen,2025-01-19,Denmark,Himmerigsport,HUMAN_OBSERVATION,https://www.gbif.org/occurrence/5052259565
CO.CO,Coprinellus comatus,inkcap;gills;edge_case_age,"Danish Mycological Society, fungal records database / Svampeatlas.dk via GBIF",84d26682-f762-11e1-a439-00145eb45e9a,5052282365,https://svampe.databasen.org/uploads/2025-10492489_rJ5tJPNIyl.JPG,http://creativecommons.org/licenses/by-nc/4.0/legalcode,Ella Buck,Ella Buck,Ella Buck,2025-01-02,Denmark,Åshøj Overdrev,HUMAN_OBSERVATION,https://www.gbif.org/occurrence/5052282365
CO.CO,Coprinellus comatus,inkcap;gills;edge_case_age,"Danish Mycological Society, fungal records database / Svampeatlas.dk via GBIF",84d26682-f762-11e1-a439-00145eb45e9a,5052282385,https://svampe.databasen.org/uploads/2025-10492696_SJxnb3SIkg.JPG,http://creativecommons.org/licenses/by-nc/4.0/legalcode,Annette Greenfort,Annette Greenfort,Annette Greenfort,2025-01-02,Denmark,Storskov,HUMAN_OBSERVATION,https://www.gbif.org/occurrence/5052282385
CO.CO,Coprinellus comatus,inkcap;gills;edge_case_age,"Danish Mycological Society, fungal records database / Svampeatlas.dk via GBIF",84d26682-f762-11e1-a439-00145eb45e9a,5052282385,https://svampe.databasen.org/uploads/2025-10492696_rJxnWhS8Jg.JPG,http://creativecommons.org/licenses/by-nc/4.0/legalcode,Annette Greenfort,Annette Greenfort,Annette Greenfort,2025-01-02,Denmark,Storskov,HUMAN_OBSERVATION,https://www.gbif.org/occurrence/5052282385
CR.CO,Craterellus cornucopioides,trumpet;dark;funnel,"Danish Mycological Society, fungal records database / Svampeatlas.dk via GBIF",84d26682-f762-11e1-a439-00145eb45e9a,5898621646,https://svampe.databasen.org/uploads/2025-10523852_HJ9TqH8Oxl.JPG,http://creativecommons.org/licenses/by-nc/4.0/legalcode,Uffe Nygaard,Uffe Nygaard,Uffe Nygaard,2025-08-08,Denmark,Fløjstrup Strand,HUMAN_OBSERVATION,https://www.gbif.org/occurrence/5898621646
CR.CO,Craterellus cornucopioides,trumpet;dark;funnel,"Danish Mycological Society, fungal records database / Svampeatlas.dk via GBIF",84d26682-f762-11e1-a439-00145eb45e9a,5898653701,https://svampe.databasen.org/uploads/2025-10522098_HkNjNcCPgx.JPG,http://creativecommons.org/licenses/by-nc/4.0/legalcode,Henrik Mathiassen,Henrik Mathiassen,Henrik Mathiassen,2025-08-04,Denmark,Korsør Skov,HUMAN_OBSERVATION,https://www.gbif.org/occurrence/5898653701
CR.CO,Craterellus cornucopioides,trumpet;dark;funnel,"Danish Mycological Society, fungal records database / Svampeatlas.dk via GBIF",84d26682-f762-11e1-a439-00145eb45e9a,5898654386,https://svampe.databasen.org/uploads/2025-10522665_HJy33JzOgl.JPG,http://creativecommons.org/licenses/by-nc/4.0/legalcode,Henrik Mathiassen,Henrik Mathiassen,Henrik Mathiassen,2025-08-07,Denmark,Studentersøen,HUMAN_OBSERVATION,https://www.gbif.org/occurrence/5898654386
CR.CO,Craterellus cornucopioides,trumpet;dark;funnel,"Danish Mycological Society, fungal records database / Svampeatlas.dk via GBIF",84d26682-f762-11e1-a439-00145eb45e9a,5898658525,https://svampe.databasen.org/uploads/2025-10523038_B1_71qmOeg.JPG,http://creativecommons.org/licenses/by-nc/4.0/legalcode,Helena kaercell,Helena kaercell,Helena kaercell,2025-08-08,Denmark,Østerskov (Thurø),HUMAN_OBSERVATION,https://www.gbif.org/occurrence/5898658525
CR.CO,Craterellus cornucopioides,trumpet;dark;funnel,"Danish Mycological Society, fungal records database / Svampeatlas.dk via GBIF",84d26682-f762-11e1-a439-00145eb45e9a,5898623805,https://svampe.databasen.org/uploads/2025-10535294_BkOEMkcsee.JPG,http://creativecommons.org/licenses/by-nc/4.0/legalcode,Dan Ingemann Jensen,Dan Ingemann Jensen,Dan Ingemann Jensen,2025-09-18,Denmark,Ullerød,HUMAN_OBSERVATION,https://www.gbif.org/occurrence/5898623805
FO.BE,Fomitopsis betulina,polypore;bracket;wood,"Danish Mycological Society, fungal records database / Svampeatlas.dk via GBIF",84d26682-f762-11e1-a439-00145eb45e9a,6161867728,https://svampe.databasen.org/uploads/2026-10583203_rJ6Y38FLWx.JPG,http://creativecommons.org/licenses/by-nc/4.0/legalcode,Henrik Mathiassen,Henrik Mathiassen,Henrik Mathiassen,2026-01-29,Denmark,Asserbo Strand,HUMAN_OBSERVATION,https://www.gbif.org/occurrence/6161867728
FO.BE,Fomitopsis betulina,polypore;bracket;wood,"Danish Mycological Society, fungal records database / Svampeatlas.dk via GBIF",84d26682-f762-11e1-a439-00145eb45e9a,6161868168,https://svampe.databasen.org/uploads/2026-10582923_BJ4tuMII-l.JPG,http://creativecommons.org/licenses/by-nc/4.0/legalcode,Jane Nielsen,Jane Nielsen,Jane Nielsen,2026-01-27,Denmark,Skal Plantage,HUMAN_OBSERVATION,https://www.gbif.org/occurrence/6161868168
FO.BE,Fomitopsis betulina,polypore;bracket;wood,"Danish Mycological Society, fungal records database / Svampeatlas.dk via GBIF",84d26682-f762-11e1-a439-00145eb45e9a,6161868231,https://svampe.databasen.org/uploads/2026-10580487_SJsWMyQrbx.JPG,http://creativecommons.org/licenses/by-nc/4.0/legalcode,Henrik Mathiassen,Henrik Mathiassen,Henrik Mathiassen,2026-01-12,Denmark,Smørmosen,HUMAN_OBSERVATION,https://www.gbif.org/occurrence/6161868231
FO.BE,Fomitopsis betulina,polypore;bracket;wood,"Danish Mycological Society, fungal records database / Svampeatlas.dk via GBIF",84d26682-f762-11e1-a439-00145eb45e9a,6161868308,https://svampe.databasen.org/uploads/2026-10582378_r1P2NZxIbe.JPG,http://creativecommons.org/licenses/by-nc/4.0/legalcode,Henrik Mathiassen,Henrik Mathiassen,Henrik Mathiassen,2026-01-22,Denmark,"Gribskov, Ostrup Kobbel",HUMAN_OBSERVATION,https://www.gbif.org/occurrence/6161868308
FO.BE,Fomitopsis betulina,polypore;bracket;wood,"Danish Mycological Society, fungal records database / Svampeatlas.dk via GBIF",84d26682-f762-11e1-a439-00145eb45e9a,6161868580,https://svampe.databasen.org/uploads/2026-10581264_S1f7DxKrZe.JPG,http://creativecommons.org/licenses/by-nc/4.0/legalcode,Bo Valeur,Bo Valeur,Bo Valeur,2026-01-17,Denmark,Lyngby Åmose,HUMAN_OBSERVATION,https://www.gbif.org/occurrence/6161868580
FO.BE,Fomitopsis betulina,polypore;bracket;wood,"Danish Mycological Society, fungal records database / Svampeatlas.dk via GBIF",84d26682-f762-11e1-a439-00145eb45e9a,6161868580,https://svampe.databasen.org/uploads/2026-10581264_rJezQDetrZe.JPG,http://creativecommons.org/licenses/by-nc/4.0/legalcode,Bo Valeur,Bo Valeur,Bo Valeur,2026-01-17,Denmark,Lyngby Åmose,HUMAN_OBSERVATION,https://www.gbif.org/occurrence/6161868580
HY.PS,Hygrophoropsis aurantiaca,confusing_pair;orange;gills,"Danish Mycological Society, fungal records database / Svampeatlas.dk via GBIF",84d26682-f762-11e1-a439-00145eb45e9a,6161874814,https://svampe.databasen.org/uploads/2026-10579788_BkB9CTDVZe.JPG,http://creativecommons.org/licenses/by-nc/4.0/legalcode,Jane Nielsen,Jane Nielsen,Jane Nielsen,2026-01-04,Denmark,Skindbjerglund,HUMAN_OBSERVATION,https://www.gbif.org/occurrence/6161874814
HY.PS,Hygrophoropsis aurantiaca,confusing_pair;orange;gills,"Danish Mycological Society, fungal records database / Svampeatlas.dk via GBIF",84d26682-f762-11e1-a439-00145eb45e9a,6161874814,https://svampe.databasen.org/uploads/2026-10579788_ByH9CpvE-l.JPG,http://creativecommons.org/licenses/by-nc/4.0/legalcode,Jane Nielsen,Jane Nielsen,Jane Nielsen,2026-01-04,Denmark,Skindbjerglund,HUMAN_OBSERVATION,https://www.gbif.org/occurrence/6161874814
HY.PS,Hygrophoropsis aurantiaca,confusing_pair;orange;gills,"Danish Mycological Society, fungal records database / Svampeatlas.dk via GBIF",84d26682-f762-11e1-a439-00145eb45e9a,5052245313,https://svampe.databasen.org/uploads/2025-10494081_B1ZEoBbPke.JPG,http://creativecommons.org/licenses/by-nc/4.0/legalcode,Søren Rytter Boeriis,Søren Rytter Boeriis,Søren Rytter Boeriis,2025-01-12,Denmark,Helium Skov,HUMAN_OBSERVATION,https://www.gbif.org/occurrence/5052245313
HY.PS,Hygrophoropsis aurantiaca,confusing_pair;orange;gills,"Danish Mycological Society, fungal records database / Svampeatlas.dk via GBIF",84d26682-f762-11e1-a439-00145eb45e9a,5052245313,https://svampe.databasen.org/uploads/2025-10494081_rJmEsSZwJe.JPG,http://creativecommons.org/licenses/by-nc/4.0/legalcode,Søren Rytter Boeriis,Søren Rytter Boeriis,Søren Rytter Boeriis,2025-01-12,Denmark,Helium Skov,HUMAN_OBSERVATION,https://www.gbif.org/occurrence/5052245313
HY.PS,Hygrophoropsis aurantiaca,confusing_pair;orange;gills,"Danish Mycological Society, fungal records database / Svampeatlas.dk via GBIF",84d26682-f762-11e1-a439-00145eb45e9a,5898621636,https://svampe.databasen.org/uploads/2025-10522015_BklwCFU0vgx.JPG,http://creativecommons.org/licenses/by-nc/4.0/legalcode,Frits Sørensen,Frits Sørensen,Frits Sørensen,2025-08-04,Denmark,Nørlund Plantage,HUMAN_OBSERVATION,https://www.gbif.org/occurrence/5898621636
HY.PS,Hygrophoropsis aurantiaca,confusing_pair;orange;gills,"Danish Mycological Society, fungal records database / Svampeatlas.dk via GBIF",84d26682-f762-11e1-a439-00145eb45e9a,5898621636,https://svampe.databasen.org/uploads/2025-10522015_H1D0tICveg.JPG,http://creativecommons.org/licenses/by-nc/4.0/legalcode,Frits Sørensen,Frits Sørensen,Frits Sørensen,2025-08-04,Denmark,Nørlund Plantage,HUMAN_OBSERVATION,https://www.gbif.org/occurrence/5898621636
LA.HE,Lactarius helvus,milkcap;latex;toxic,"Danish Mycological Society, fungal records database / Svampeatlas.dk via GBIF",84d26682-f762-11e1-a439-00145eb45e9a,5898647673,https://svampe.databasen.org/uploads/2025-10520125_SkKe28fPxg.JPG,http://creativecommons.org/licenses/by-nc/4.0/legalcode,Sinne Rosborg,Sinne Rosborg,Sinne Rosborg,2025-07-26,Denmark,Læsø Klitplantage,HUMAN_OBSERVATION,https://www.gbif.org/occurrence/5898647673
LA.HE,Lactarius helvus,milkcap;latex;toxic,"Danish Mycological Society, fungal records database / Svampeatlas.dk via GBIF",84d26682-f762-11e1-a439-00145eb45e9a,5898647673,https://svampe.databasen.org/uploads/2025-10520125_Syqx3LGPeg.JPG,http://creativecommons.org/licenses/by-nc/4.0/legalcode,Sinne Rosborg,Sinne Rosborg,Sinne Rosborg,2025-07-26,Denmark,Læsø Klitplantage,HUMAN_OBSERVATION,https://www.gbif.org/occurrence/5898647673
LA.HE,Lactarius helvus,milkcap;latex;toxic,"Danish Mycological Society, fungal records database / Svampeatlas.dk via GBIF",84d26682-f762-11e1-a439-00145eb45e9a,5898658174,https://svampe.databasen.org/uploads/2025-10520603_HyHMPwBPle.JPG,http://creativecommons.org/licenses/by-nc/4.0/legalcode,Thomas Møller Ørum,Thomas Møller Ørum,Thomas Møller Ørum,2025-07-28,Denmark,Andebjerg,HUMAN_OBSERVATION,https://www.gbif.org/occurrence/5898658174
LA.HE,Lactarius helvus,milkcap;latex;toxic,"Danish Mycological Society, fungal records database / Svampeatlas.dk via GBIF",84d26682-f762-11e1-a439-00145eb45e9a,5898658174,https://svampe.databasen.org/uploads/2025-10520603_S14fvPSPex.JPG,http://creativecommons.org/licenses/by-nc/4.0/legalcode,Thomas Møller Ørum,Thomas Møller Ørum,Thomas Møller Ørum,2025-07-28,Denmark,Andebjerg,HUMAN_OBSERVATION,https://www.gbif.org/occurrence/5898658174
LA.HE,Lactarius helvus,milkcap;latex;toxic,"Danish Mycological Society, fungal records database / Svampeatlas.dk via GBIF",84d26682-f762-11e1-a439-00145eb45e9a,5898675195,https://svampe.databasen.org/uploads/2025-10520506_Hk7HbRVPee.JPG,http://creativecommons.org/licenses/by-nc/4.0/legalcode,Frits Sørensen,Frits Sørensen,Frits Sørensen,2025-07-28,Denmark,Fonnesbæk,HUMAN_OBSERVATION,https://www.gbif.org/occurrence/5898675195
LA.HE,Lactarius helvus,milkcap;latex;toxic,"Danish Mycological Society, fungal records database / Svampeatlas.dk via GBIF",84d26682-f762-11e1-a439-00145eb45e9a,5898675195,https://svampe.databasen.org/uploads/2025-10520506_HkeXHWCNvel.JPG,http://creativecommons.org/licenses/by-nc/4.0/legalcode,Frits Sørensen,Frits Sørensen,Frits Sørensen,2025-07-28,Denmark,Fonnesbæk,HUMAN_OBSERVATION,https://www.gbif.org/occurrence/5898675195
LY.PE,Lycoperdon perlatum,puffball;round;spines,"Danish Mycological Society, fungal records database / Svampeatlas.dk via GBIF",84d26682-f762-11e1-a439-00145eb45e9a,6161869073,https://svampe.databasen.org/uploads/2026-10579150_ByrRmgV4Zx.JPG,http://creativecommons.org/licenses/by-nc/4.0/legalcode,Dan Ingemann Jensen,Dan Ingemann Jensen,Dan Ingemann Jensen,2026-01-01,Denmark,Selskov,HUMAN_OBSERVATION,https://www.gbif.org/occurrence/6161869073
LY.PE,Lycoperdon perlatum,puffball;round;spines,"Danish Mycological Society, fungal records database / Svampeatlas.dk via GBIF",84d26682-f762-11e1-a439-00145eb45e9a,6161872287,https://svampe.databasen.org/uploads/2026-10579270_rkPDC-NNbg.JPG,http://creativecommons.org/licenses/by-nc/4.0/legalcode,Bente Neerbek,Bente Neerbek,Bente Neerbek,2026-01-01,Denmark,Myrestenen,HUMAN_OBSERVATION,https://www.gbif.org/occurrence/6161872287
LY.PE,Lycoperdon perlatum,puffball;round;spines,"Danish Mycological Society, fungal records database / Svampeatlas.dk via GBIF",84d26682-f762-11e1-a439-00145eb45e9a,6161872287,https://svampe.databasen.org/uploads/2026-10579270_rywPAW4VWl.JPG,http://creativecommons.org/licenses/by-nc/4.0/legalcode,Bente Neerbek,Bente Neerbek,Bente Neerbek,2026-01-01,Denmark,Myrestenen,HUMAN_OBSERVATION,https://www.gbif.org/occurrence/6161872287
LY.PE,Lycoperdon perlatum,puffball;round;spines,"Danish Mycological Society, fungal records database / Svampeatlas.dk via GBIF",84d26682-f762-11e1-a439-00145eb45e9a,6161879195,https://svampe.databasen.org/uploads/2026-10581132_S1hkHgOHZg.JPG,http://creativecommons.org/licenses/by-nc/4.0/legalcode,Ella Buck,Ella Buck,Ella Buck,2026-01-16,Denmark,Lille Billesø,HUMAN_OBSERVATION,https://www.gbif.org/occurrence/6161879195
LY.PE,Lycoperdon perlatum,puffball;round;spines,"Danish Mycological Society, fungal records database / Svampeatlas.dk via GBIF",84d26682-f762-11e1-a439-00145eb45e9a,6161882134,https://svampe.databasen.org/uploads/2026-10580754_Byv2YdSSWx.JPG,http://creativecommons.org/licenses/by-nc/4.0/legalcode,Henrik Mathiassen,Henrik Mathiassen,Henrik Mathiassen,2026-01-14,Denmark,Danmarks Akvarium,HUMAN_OBSERVATION,https://www.gbif.org/occurrence/6161882134
RA.BO,Ramaria botrytis,coral;branched;edible,"Danish Mycological Society, fungal records database / Svampeatlas.dk via GBIF",84d26682-f762-11e1-a439-00145eb45e9a,5898621396,https://svampe.databasen.org/uploads/2025-10528030_H1HjYFTtlx.JPG,http://creativecommons.org/licenses/by-nc/4.0/legalcode,emil christensen,emil christensen,emil christensen,2025-08-28,Denmark,Dronning Dagmars Kilde,HUMAN_OBSERVATION,https://www.gbif.org/occurrence/5898621396
RA.BO,Ramaria botrytis,coral;branched;edible,"Danish Mycological Society, fungal records database / Svampeatlas.dk via GBIF",84d26682-f762-11e1-a439-00145eb45e9a,5898621396,https://svampe.databasen.org/uploads/2025-10528030_HJGjYYaKex.JPG,http://creativecommons.org/licenses/by-nc/4.0/legalcode,emil christensen,emil christensen,emil christensen,2025-08-28,Denmark,Dronning Dagmars Kilde,HUMAN_OBSERVATION,https://www.gbif.org/occurrence/5898621396
RA.BO,Ramaria botrytis,coral;branched;edible,"Danish Mycological Society, fungal records database / Svampeatlas.dk via GBIF",84d26682-f762-11e1-a439-00145eb45e9a,5898622408,https://svampe.databasen.org/uploads/2025-10524883_ryAr4V9ugg.JPG,http://creativecommons.org/licenses/by-nc/4.0/legalcode,Hans Harald,Hans Harald,Hans Harald,2025-08-13,Denmark,Munkebjerg,HUMAN_OBSERVATION,https://www.gbif.org/occurrence/5898622408
RA.BO,Ramaria botrytis,coral;branched;edible,"Danish Mycological Society, fungal records database / Svampeatlas.dk via GBIF",84d26682-f762-11e1-a439-00145eb45e9a,5898665581,https://svampe.databasen.org/uploads/2025-10523342_Hy33p6Vdxe.JPG,http://creativecommons.org/licenses/by-nc/4.0/legalcode,Torbjørn Borgen,Torbjørn Borgen,Mona Rasmussen,2025-08-07,Denmark,Munkholm Skov (Mariager Lystskov),HUMAN_OBSERVATION,https://www.gbif.org/occurrence/5898665581
RA.BO,Ramaria botrytis,coral;branched;edible,"Danish Mycological Society, fungal records database / Svampeatlas.dk via GBIF",84d26682-f762-11e1-a439-00145eb45e9a,5898671282,https://svampe.databasen.org/uploads/2025-10528974_HyfsR9Mqex.JPG,http://creativecommons.org/licenses/by-nc/4.0/legalcode,Poul Evald Hansen,Poul Evald Hansen,Poul Evald Hansen,2025-08-31,Denmark,"Gribskov, Hvidekilde",HUMAN_OBSERVATION,https://www.gbif.org/occurrence/5898671282
RA.PA,Ramaria pallida,coral;branched;toxic;confusing_pair,"Danish Mycological Society, fungal records database / Svampeatlas.dk via GBIF",84d26682-f762-11e1-a439-00145eb45e9a,5898618443,https://svampe.databasen.org/uploads/2025-10536844_B1hfcL6jee.JPG,http://creativecommons.org/licenses/by-nc/4.0/legalcode,Søren Rytter Boeriis,Søren Rytter Boeriis,Søren Rytter Boeriis,2025-09-21,Denmark,Trelde Vesterskov,HUMAN_OBSERVATION,https://www.gbif.org/occurrence/5898618443
RA.PA,Ramaria pallida,coral;branched;toxic;confusing_pair,"Danish Mycological Society, fungal records database / Svampeatlas.dk via GBIF",84d26682-f762-11e1-a439-00145eb45e9a,5898618443,https://svampe.databasen.org/uploads/2025-10536844_SJ6f5UTjeg.JPG,http://creativecommons.org/licenses/by-nc/4.0/legalcode,Søren Rytter Boeriis,Søren Rytter Boeriis,Søren Rytter Boeriis,2025-09-21,Denmark,Trelde Vesterskov,HUMAN_OBSERVATION,https://www.gbif.org/occurrence/5898618443
RA.PA,Ramaria pallida,coral;branched;toxic;confusing_pair,"Danish Mycological Society, fungal records database / Svampeatlas.dk via GBIF",84d26682-f762-11e1-a439-00145eb45e9a,5898638890,https://svampe.databasen.org/uploads/2025-10531600_ByLrJ-lige.JPG,http://creativecommons.org/licenses/by-nc/4.0/legalcode,Jacob Schmidt,Jacob Schmidt,Thomas Læssøe,2025-09-10,Denmark,Teglstrup Hegn,HUMAN_OBSERVATION,https://www.gbif.org/occurrence/5898638890
RA.PA,Ramaria pallida,coral;branched;toxic;confusing_pair,"Danish Mycological Society, fungal records database / Svampeatlas.dk via GBIF",84d26682-f762-11e1-a439-00145eb45e9a,5898649211,https://svampe.databasen.org/uploads/2025-10537340_H1MPal0iex.JPG,http://creativecommons.org/licenses/by-nc/4.0/legalcode,Erik Arnfred Thomsen,Erik Arnfred Thomsen,Erik Arnfred Thomsen,2025-09-21,Denmark,Trelde Vesterskov,HUMAN_OBSERVATION,https://www.gbif.org/occurrence/5898649211
RA.PA,Ramaria pallida,coral;branched;toxic;confusing_pair,"Danish Mycological Society, fungal records database / Svampeatlas.dk via GBIF",84d26682-f762-11e1-a439-00145eb45e9a,5898671856,https://svampe.databasen.org/uploads/2025-10531596_HyJh0egoge.JPG,http://creativecommons.org/licenses/by-nc/4.0/legalcode,Jacob Schmidt,Jacob Schmidt,Jacob Schmidt,2025-09-10,Denmark,Teglstrup Hegn,HUMAN_OBSERVATION,https://www.gbif.org/occurrence/5898671856
SP.CR,Sparassis crispa,cauliflower;branched;edible,"Danish Mycological Society, fungal records database / Svampeatlas.dk via GBIF",84d26682-f762-11e1-a439-00145eb45e9a,5898627537,https://svampe.databasen.org/uploads/2025-10528834_H1NZQRbqgg.JPG,http://creativecommons.org/licenses/by-nc/4.0/legalcode,Jean Pichon,Jean Pichon,Jean Pichon,2025-08-31,Denmark,Hvalskov agerland,HUMAN_OBSERVATION,https://www.gbif.org/occurrence/5898627537
SP.CR,Sparassis crispa,cauliflower;branched;edible,"Danish Mycological Society, fungal records database / Svampeatlas.dk via GBIF",84d26682-f762-11e1-a439-00145eb45e9a,5898627808,https://svampe.databasen.org/uploads/2025-10528786_H173a2Zcxl.JPG,http://creativecommons.org/licenses/by-nc/4.0/legalcode,Mikkel Teglgaard Møller,Mikkel Teglgaard Møller,Mikkel Teglgaard Møller,2025-08-31,Denmark,Velling Igelsø,HUMAN_OBSERVATION,https://www.gbif.org/occurrence/5898627808
SP.CR,Sparassis crispa,cauliflower;branched;edible,"Danish Mycological Society, fungal records database / Svampeatlas.dk via GBIF",84d26682-f762-11e1-a439-00145eb45e9a,5898627808,https://svampe.databasen.org/uploads/2025-10528786_ry43TnZ9xe.JPG,http://creativecommons.org/licenses/by-nc/4.0/legalcode,Mikkel Teglgaard Møller,Mikkel Teglgaard Møller,Mikkel Teglgaard Møller,2025-08-31,Denmark,Velling Igelsø,HUMAN_OBSERVATION,https://www.gbif.org/occurrence/5898627808
SP.CR,Sparassis crispa,cauliflower;branched;edible,"Danish Mycological Society, fungal records database / Svampeatlas.dk via GBIF",84d26682-f762-11e1-a439-00145eb45e9a,5898657877,https://svampe.databasen.org/uploads/2025-10527512_S1qkH-9Fex.JPG,http://creativecommons.org/licenses/by-nc/4.0/legalcode,Ulrich Møllgaard,Ulrich Møllgaard,Ulrich Møllgaard,2025-08-25,Denmark,Bryrup Langsø,HUMAN_OBSERVATION,https://www.gbif.org/occurrence/5898657877
SP.CR,Sparassis crispa,cauliflower;branched;edible,"Danish Mycological Society, fungal records database / Svampeatlas.dk via GBIF",84d26682-f762-11e1-a439-00145eb45e9a,5898657877,https://svampe.databasen.org/uploads/2025-10527512_SJKyHW5Yel.JPG,http://creativecommons.org/licenses/by-nc/4.0/legalcode,Ulrich Møllgaard,Ulrich Møllgaard,Ulrich Møllgaard,2025-08-25,Denmark,Bryrup Langsø,HUMAN_OBSERVATION,https://www.gbif.org/occurrence/5898657877
SP.CR,Sparassis crispa,cauliflower;branched;edible,"Danish Mycological Society, fungal records database / Svampeatlas.dk via GBIF",84d26682-f762-11e1-a439-00145eb45e9a,5898657877,https://svampe.databasen.org/uploads/2025-10527512_rJOJBbcteg.JPG,http://creativecommons.org/licenses/by-nc/4.0/legalcode,Ulrich Møllgaard,Ulrich Møllgaard,Ulrich Møllgaard,2025-08-25,Denmark,Bryrup Langsø,HUMAN_OBSERVATION,https://www.gbif.org/occurrence/5898657877
GY.ES,Gyromitra esculenta,toxic;false_morel;brain_like;confusing_pair,"Danish Mycological Society, fungal records database / Svampeatlas.dk via GBIF",84d26682-f762-11e1-a439-00145eb45e9a,5106484143,https://svampe.databasen.org/uploads/2025-10507131_S16WA5Upyx.JPG,http://creativecommons.org/licenses/by-nc/4.0/legalcode,Aase Bach,Aase Bach,Aase Bach,2025-03-30,Denmark,Den Jyske Skovhave,HUMAN_OBSERVATION,https://www.gbif.org/occurrence/5106484143
GY.ES,Gyromitra esculenta,toxic;false_morel;brain_like;confusing_pair,"Danish Mycological Society, fungal records database / Svampeatlas.dk via GBIF",84d26682-f762-11e1-a439-00145eb45e9a,5106484809,https://svampe.databasen.org/uploads/2025-10505295_S1q0rfm31l.JPG,http://creativecommons.org/licenses/by-nc/4.0/legalcode,Niels V. Mogensen,Niels V. Mogensen,Niels V. Mogensen,2025-03-15,Denmark,Kompedal Plantage,HUMAN_OBSERVATION,https://www.gbif.org/occurrence/5106484809
GY.ES,Gyromitra esculenta,toxic;false_morel;brain_like;confusing_pair,"Danish Mycological Society, fungal records database / Svampeatlas.dk via GBIF",84d26682-f762-11e1-a439-00145eb45e9a,5106485086,https://svampe.databasen.org/uploads/2025-10506799_ry5jv2f6kl.JPG,http://creativecommons.org/licenses/by-nc/4.0/legalcode,Aase Bach,Aase Bach,Aase Bach,2025-03-27,Denmark,Grønhøje,HUMAN_OBSERVATION,https://www.gbif.org/occurrence/5106485086
GY.ES,Gyromitra esculenta,toxic;false_morel;brain_like;confusing_pair,"Danish Mycological Society, fungal records database / Svampeatlas.dk via GBIF",84d26682-f762-11e1-a439-00145eb45e9a,5106486089,https://svampe.databasen.org/uploads/2025-10506813_SyKYh3GaJe.JPG,http://creativecommons.org/licenses/by-nc/4.0/legalcode,Jane Nielsen,Jane Nielsen,Jane Nielsen,2025-03-27,Denmark,Grønhøje,HUMAN_OBSERVATION,https://www.gbif.org/occurrence/5106486089
GA.MA,Galerina marginata,extremely_toxic;small_brown_gills;confusing_pair,"Danish Mycological Society, fungal records database / Svampeatlas.dk via GBIF",84d26682-f762-11e1-a439-00145eb45e9a,5052261543,https://svampe.databasen.org/uploads/2025-10492066_HyExAqGLkl.JPG,http://creativecommons.org/licenses/by-nc/4.0/legalcode,Dan Ingemann Jensen,Dan Ingemann Jensen,Dan Ingemann Jensen,2025-01-01,Denmark,Selskov,HUMAN_OBSERVATION,https://www.gbif.org/occurrence/5052261543
GA.MA,Galerina marginata,extremely_toxic;small_brown_gills;confusing_pair,"Danish Mycological Society, fungal records database / Svampeatlas.dk via GBIF",84d26682-f762-11e1-a439-00145eb45e9a,5052261543,https://svampe.databasen.org/uploads/2025-10492066_rkMl0qfLJg.JPG,http://creativecommons.org/licenses/by-nc/4.0/legalcode,Dan Ingemann Jensen,Dan Ingemann Jensen,Dan Ingemann Jensen,2025-01-01,Denmark,Selskov,HUMAN_OBSERVATION,https://www.gbif.org/occurrence/5052261543
GA.MA,Galerina marginata,extremely_toxic;small_brown_gills;confusing_pair,"Danish Mycological Society, fungal records database / Svampeatlas.dk via GBIF",84d26682-f762-11e1-a439-00145eb45e9a,5898622463,https://svampe.databasen.org/uploads/2025-10536510_HJNIcd2jxg.JPG,http://creativecommons.org/licenses/by-nc/4.0/legalcode,Jacob Schmidt,Jacob Schmidt,Jacob Schmidt,2025-09-19,Denmark,Skramsø,HUMAN_OBSERVATION,https://www.gbif.org/occurrence/5898622463
GA.MA,Galerina marginata,extremely_toxic;small_brown_gills;confusing_pair,"Danish Mycological Society, fungal records database / Svampeatlas.dk via GBIF",84d26682-f762-11e1-a439-00145eb45e9a,5898627593,https://svampe.databasen.org/uploads/2025-10542144_Bk62wqcnge.JPG,http://creativecommons.org/licenses/by-nc/4.0/legalcode,Martin Schier Christiansen,Martin Schier Christiansen,Martin Schier Christiansen,2025-09-30,Denmark,Landkildegård,HUMAN_OBSERVATION,https://www.gbif.org/occurrence/5898627593
PL.OS,Pleurotus ostreatus,oyster;shelf;gills;wood,"Danish Mycological Society, fungal records database / Svampeatlas.dk via GBIF",84d26682-f762-11e1-a439-00145eb45e9a,6161867414,https://svampe.databasen.org/uploads/2026-10579036_ryvwFCmNWe.JPG,http://creativecommons.org/licenses/by-nc/4.0/legalcode,Dan Ingemann Jensen,Dan Ingemann Jensen,Dan Ingemann Jensen,2026-01-01,Denmark,Selskov,HUMAN_OBSERVATION,https://www.gbif.org/occurrence/6161867414
PL.OS,Pleurotus ostreatus,oyster;shelf;gills;wood,"Danish Mycological Society, fungal records database / Svampeatlas.dk via GBIF",84d26682-f762-11e1-a439-00145eb45e9a,6161868370,https://svampe.databasen.org/uploads/2026-10580599_rk6BpW4H-l.JPG,http://creativecommons.org/licenses/by-nc/4.0/legalcode,Henrik Mathiassen,Henrik Mathiassen,Henrik Mathiassen,2026-01-13,Denmark,Eremitagesletten,HUMAN_OBSERVATION,https://www.gbif.org/occurrence/6161868370
PL.OS,Pleurotus ostreatus,oyster;shelf;gills;wood,"Danish Mycological Society, fungal records database / Svampeatlas.dk via GBIF",84d26682-f762-11e1-a439-00145eb45e9a,6161869220,https://svampe.databasen.org/uploads/2026-10579262_By5jTbVVWx.JPG,http://creativecommons.org/licenses/by-nc/4.0/legalcode,Bente Neerbek,Bente Neerbek,Bente Neerbek,2026-01-01,Denmark,Ganløse Eged,HUMAN_OBSERVATION,https://www.gbif.org/occurrence/6161869220
PL.OS,Pleurotus ostreatus,oyster;shelf;gills;wood,"Danish Mycological Society, fungal records database / Svampeatlas.dk via GBIF",84d26682-f762-11e1-a439-00145eb45e9a,6161869220,https://svampe.databasen.org/uploads/2026-10579262_H15sabE4Zl.JPG,http://creativecommons.org/licenses/by-nc/4.0/legalcode,Bente Neerbek,Bente Neerbek,Bente Neerbek,2026-01-01,Denmark,Ganløse Eged,HUMAN_OBSERVATION,https://www.gbif.org/occurrence/6161869220
CA.TU,Cantharellus tubaeformis,funnel_chantarelle;folds;hollow_stem,"Danish Mycological Society, fungal records database / Svampeatlas.dk via GBIF",84d26682-f762-11e1-a439-00145eb45e9a,5052256284,https://svampe.databasen.org/uploads/2025-10492500_HJLCxd48yl.JPG,http://creativecommons.org/licenses/by-nc/4.0/legalcode,Rita Forup,Rita Forup,Rita Forup,2025-01-02,Denmark,Præstestenen,HUMAN_OBSERVATION,https://www.gbif.org/occurrence/5052256284
CA.TU,Cantharellus tubaeformis,funnel_chantarelle;folds;hollow_stem,"Danish Mycological Society, fungal records database / Svampeatlas.dk via GBIF",84d26682-f762-11e1-a439-00145eb45e9a,5052273484,https://svampe.databasen.org/uploads/2025-10494079_HkKbsS-wyx.JPG,http://creativecommons.org/licenses/by-nc/4.0/legalcode,Søren Rytter Boeriis,Søren Rytter Boeriis,Søren Rytter Boeriis,2025-01-12,Denmark,Helium Skov,HUMAN_OBSERVATION,https://www.gbif.org/occurrence/5052273484
CA.TU,Cantharellus tubaeformis,funnel_chantarelle;folds;hollow_stem,"Danish Mycological Society, fungal records database / Svampeatlas.dk via GBIF",84d26682-f762-11e1-a439-00145eb45e9a,5052275694,https://svampe.databasen.org/uploads/2025-10492358_Hk-w1m4Ikl.JPG,http://creativecommons.org/licenses/by-nc/4.0/legalcode,Dan Ingemann Jensen,Dan Ingemann Jensen,Dan Ingemann Jensen,2025-01-02,Denmark,Selskov,HUMAN_OBSERVATION,https://www.gbif.org/occurrence/5052275694
CA.TU,Cantharellus tubaeformis,funnel_chantarelle;folds;hollow_stem,"Danish Mycological Society, fungal records database / Svampeatlas.dk via GBIF",84d26682-f762-11e1-a439-00145eb45e9a,5052275694,https://svampe.databasen.org/uploads/2025-10492358_rJMPk7EL1g.JPG,http://creativecommons.org/licenses/by-nc/4.0/legalcode,Dan Ingemann Jensen,Dan Ingemann Jensen,Dan Ingemann Jensen,2025-01-02,Denmark,Selskov,HUMAN_OBSERVATION,https://www.gbif.org/occurrence/5052275694
